x,y,z
0.000000000000000000e+00,0.000000000000000000e+00,-0.000000000000000000e+00
0.000000000000000000e+00,0.000000000000000000e+00,-0.000000000000000000e+00
0.000000000000000000e+00,0.000000000000000000e+00,0.000000000000000000e+00
0.000000000000000000e+00,0.000000000000000000e+00,0.000000000000000000e+00
0.000000000000000000e+00,7.500000000000001110e-02,-0.000000000000000000e+00
0.000000000000000000e+00,7.500000000000001110e-02,-0.000000000000000000e+00
0.000000000000000000e+00,7.500000000000001110e-02,0.000000000000000000e+00
0.000000000000000000e+00,7.500000000000001110e-02,0.000000000000000000e+00
0.000000000000000000e+00,1.500000000000000222e-01,-0.000000000000000000e+00
0.000000000000000000e+00,1.500000000000000222e-01,-0.000000000000000000e+00
0.000000000000000000e+00,1.500000000000000222e-01,0.000000000000000000e+00
0.000000000000000000e+00,1.500000000000000222e-01,0.000000000000000000e+00
0.000000000000000000e+00,2.250000000000000056e-01,-0.000000000000000000e+00
0.000000000000000000e+00,2.250000000000000056e-01,-0.000000000000000000e+00
0.000000000000000000e+00,2.250000000000000056e-01,0.000000000000000000e+00
0.000000000000000000e+00,2.250000000000000056e-01,0.000000000000000000e+00
0.000000000000000000e+00,3.000000000000000444e-01,-0.000000000000000000e+00
0.000000000000000000e+00,3.000000000000000444e-01,-0.000000000000000000e+00
0.000000000000000000e+00,3.000000000000000444e-01,0.000000000000000000e+00
0.000000000000000000e+00,3.000000000000000444e-01,0.000000000000000000e+00
0.000000000000000000e+00,3.750000000000000000e-01,-0.000000000000000000e+00
0.000000000000000000e+00,3.750000000000000000e-01,-0.000000000000000000e+00
0.000000000000000000e+00,3.750000000000000000e-01,0.000000000000000000e+00
0.000000000000000000e+00,3.750000000000000000e-01,0.000000000000000000e+00
0.000000000000000000e+00,4.500000000000000111e-01,-0.000000000000000000e+00
0.000000000000000000e+00,4.500000000000000111e-01,-0.000000000000000000e+00
0.000000000000000000e+00,4.500000000000000111e-01,0.000000000000000000e+00
0.000000000000000000e+00,4.500000000000000111e-01,0.000000000000000000e+00
0.000000000000000000e+00,5.250000000000000222e-01,-0.000000000000000000e+00
0.000000000000000000e+00,5.250000000000000222e-01,-0.000000000000000000e+00
0.000000000000000000e+00,5.250000000000000222e-01,0.000000000000000000e+00
0.000000000000000000e+00,5.250000000000000222e-01,0.000000000000000000e+00
0.000000000000000000e+00,6.000000000000000888e-01,-0.000000000000000000e+00
0.000000000000000000e+00,6.000000000000000888e-01,-0.000000000000000000e+00
0.000000000000000000e+00,6.000000000000000888e-01,0.000000000000000000e+00
0.000000000000000000e+00,6.000000000000000888e-01,0.000000000000000000e+00
0.000000000000000000e+00,6.750000000000000444e-01,-0.000000000000000000e+00
0.000000000000000000e+00,6.750000000000000444e-01,-0.000000000000000000e+00
0.000000000000000000e+00,6.750000000000000444e-01,0.000000000000000000e+00
0.000000000000000000e+00,6.750000000000000444e-01,0.000000000000000000e+00
0.000000000000000000e+00,7.500000000000000000e-01,-0.000000000000000000e+00
0.000000000000000000e+00,7.500000000000000000e-01,-0.000000000000000000e+00
0.000000000000000000e+00,7.500000000000000000e-01,0.000000000000000000e+00
0.000000000000000000e+00,7.500000000000000000e-01,0.000000000000000000e+00
0.000000000000000000e+00,8.250000000000000666e-01,-0.000000000000000000e+00
0.000000000000000000e+00,8.250000000000000666e-01,-0.000000000000000000e+00
0.000000000000000000e+00,8.250000000000000666e-01,0.000000000000000000e+00
0.000000000000000000e+00,8.250000000000000666e-01,0.000000000000000000e+00
0.000000000000000000e+00,9.000000000000000222e-01,-0.000000000000000000e+00
0.000000000000000000e+00,9.000000000000000222e-01,-0.000000000000000000e+00
0.000000000000000000e+00,9.000000000000000222e-01,0.000000000000000000e+00
0.000000000000000000e+00,9.000000000000000222e-01,0.000000000000000000e+00
0.000000000000000000e+00,9.750000000000000888e-01,-0.000000000000000000e+00
0.000000000000000000e+00,9.750000000000000888e-01,-0.000000000000000000e+00
0.000000000000000000e+00,9.750000000000000888e-01,0.000000000000000000e+00
0.000000000000000000e+00,9.750000000000000888e-01,0.000000000000000000e+00
6.000000000000000125e-03,0.000000000000000000e+00,-4.265622819141750253e-03
6.000000000000000125e-03,0.000000000000000000e+00,-1.706249127656699624e-03
6.000000000000000125e-03,0.000000000000000000e+00,8.531245638283507880e-04
6.000000000000000125e-03,0.000000000000000000e+00,3.412498255313400550e-03
5.850000000000000165e-03,7.500000000000001110e-02,-4.158982248663206649e-03
5.850000000000000165e-03,7.500000000000001110e-02,-1.663592899465282183e-03
5.850000000000000165e-03,7.500000000000001110e-02,8.317964497326420670e-04
5.850000000000000165e-03,7.500000000000001110e-02,3.327185798930565666e-03
5.700000000000000205e-03,1.500000000000000222e-01,-4.052341678184663044e-03
5.700000000000000205e-03,1.500000000000000222e-01,-1.620936671273864958e-03
5.700000000000000205e-03,1.500000000000000222e-01,8.104683356369333461e-04
5.700000000000000205e-03,1.500000000000000222e-01,3.241873342547730782e-03
5.550000000000000246e-03,2.250000000000000056e-01,-3.945701107706119440e-03
5.550000000000000246e-03,2.250000000000000056e-01,-1.578280443082447516e-03
5.550000000000000246e-03,2.250000000000000056e-01,7.891402215412246252e-04
5.550000000000000246e-03,2.250000000000000056e-01,3.156560886164895899e-03
5.400000000000000286e-03,3.000000000000000444e-01,-3.839060537227575835e-03
5.400000000000000286e-03,3.000000000000000444e-01,-1.535624214891030074e-03
5.400000000000000286e-03,3.000000000000000444e-01,7.678121074455157959e-04
5.400000000000000286e-03,3.000000000000000444e-01,3.071248429782061015e-03
5.250000000000000326e-03,3.750000000000000000e-01,-3.732419966749031797e-03
5.250000000000000326e-03,3.750000000000000000e-01,-1.492967986699612415e-03
5.250000000000000326e-03,3.750000000000000000e-01,7.464839933498070750e-04
5.250000000000000326e-03,3.750000000000000000e-01,2.985935973399225698e-03
5.100000000000000366e-03,4.500000000000000111e-01,-3.625779396270488193e-03
5.100000000000000366e-03,4.500000000000000111e-01,-1.450311758508194973e-03
5.100000000000000366e-03,4.500000000000000111e-01,7.251558792540982457e-04
5.100000000000000366e-03,4.500000000000000111e-01,2.900623517016390814e-03
4.950000000000000407e-03,5.250000000000000222e-01,-3.519138825791944588e-03
4.950000000000000407e-03,5.250000000000000222e-01,-1.407655530316777532e-03
4.950000000000000407e-03,5.250000000000000222e-01,7.038277651583895247e-04
4.950000000000000407e-03,5.250000000000000222e-01,2.815311060633555931e-03
4.800000000000000447e-03,6.000000000000000888e-01,-3.412498255313400550e-03
4.800000000000000447e-03,6.000000000000000888e-01,-1.364999302125359873e-03
4.800000000000000447e-03,6.000000000000000888e-01,6.824996510626806954e-04
4.800000000000000447e-03,6.000000000000000888e-01,2.729998604250720613e-03
4.650000000000000487e-03,6.750000000000000444e-01,-3.305857684834856945e-03
4.650000000000000487e-03,6.750000000000000444e-01,-1.322343073933942431e-03
4.650000000000000487e-03,6.750000000000000444e-01,6.611715369669719745e-04
4.650000000000000487e-03,6.750000000000000444e-01,2.644686147867885730e-03
4.499999999999999660e-03,7.500000000000000000e-01,-3.199217114356312907e-03
4.499999999999999660e-03,7.500000000000000000e-01,-1.279686845742524772e-03
4.499999999999999660e-03,7.500000000000000000e-01,6.398434228712631452e-04
4.499999999999999660e-03,7.500000000000000000e-01,2.559373691485050412e-03
4.349999999999999700e-03,8.250000000000000666e-01,-3.092576543877769302e-03
4.349999999999999700e-03,8.250000000000000666e-01,-1.237030617551107547e-03
4.349999999999999700e-03,8.250000000000000666e-01,6.185153087755544243e-04
4.349999999999999700e-03,8.250000000000000666e-01,2.474061235102215529e-03
4.199999999999999740e-03,9.000000000000000222e-01,-2.985935973399225264e-03
4.199999999999999740e-03,9.000000000000000222e-01,-1.194374389359689889e-03
4.199999999999999740e-03,9.000000000000000222e-01,5.971871946798455949e-04
4.199999999999999740e-03,9.000000000000000222e-01,2.388748778719380211e-03
4.049999999999999781e-03,9.750000000000000888e-01,-2.879295402920681226e-03
4.049999999999999781e-03,9.750000000000000888e-01,-1.151718161168272230e-03
4.049999999999999781e-03,9.750000000000000888e-01,5.758590805841367656e-04
4.049999999999999781e-03,9.750000000000000888e-01,2.303436322336544894e-03
1.200000000000000025e-02,0.000000000000000000e+00,-5.619324508588740760e-03
1.200000000000000025e-02,0.000000000000000000e+00,-2.247729803435495610e-03
1.200000000000000025e-02,0.000000000000000000e+00,1.123864901717749106e-03
1.200000000000000025e-02,0.000000000000000000e+00,4.495459606870992955e-03
1.170000000000000033e-02,7.500000000000001110e-02,-5.478841395874021851e-03
1.170000000000000033e-02,7.500000000000001110e-02,-2.191536558349608307e-03
1.170000000000000033e-02,7.500000000000001110e-02,1.095768279174805238e-03
1.170000000000000033e-02,7.500000000000001110e-02,4.383073116699217481e-03
1.140000000000000041e-02,1.500000000000000222e-01,-5.338358283159303809e-03
1.140000000000000041e-02,1.500000000000000222e-01,-2.135343313263721003e-03
1.140000000000000041e-02,1.500000000000000222e-01,1.067671656631861803e-03
1.140000000000000041e-02,1.500000000000000222e-01,4.270686626527442874e-03
1.110000000000000049e-02,2.250000000000000056e-01,-5.197875170444585767e-03
1.110000000000000049e-02,2.250000000000000056e-01,-2.079150068177833700e-03
1.110000000000000049e-02,2.250000000000000056e-01,1.039575034088918151e-03
1.110000000000000049e-02,2.250000000000000056e-01,4.158300136355669134e-03
1.080000000000000057e-02,3.000000000000000444e-01,-5.057392057729866858e-03
1.080000000000000057e-02,3.000000000000000444e-01,-2.022956823091946396e-03
1.080000000000000057e-02,3.000000000000000444e-01,1.011478411545974282e-03
1.080000000000000057e-02,3.000000000000000444e-01,4.045913646183893660e-03
1.050000000000000065e-02,3.750000000000000000e-01,-4.916908945015147948e-03
1.050000000000000065e-02,3.750000000000000000e-01,-1.966763578006058659e-03
1.050000000000000065e-02,3.750000000000000000e-01,9.833817890030304137e-04
1.050000000000000065e-02,3.750000000000000000e-01,3.933527156012118185e-03
1.020000000000000073e-02,4.500000000000000111e-01,-4.776425832300429906e-03
1.020000000000000073e-02,4.500000000000000111e-01,-1.910570332920171572e-03
1.020000000000000073e-02,4.500000000000000111e-01,9.552851664600868703e-04
1.020000000000000073e-02,4.500000000000000111e-01,3.821140665840344012e-03
9.900000000000000813e-03,5.250000000000000222e-01,-4.635942719585711864e-03
9.900000000000000813e-03,5.250000000000000222e-01,-1.854377087834284269e-03
9.900000000000000813e-03,5.250000000000000222e-01,9.271885439171432186e-04
9.900000000000000813e-03,5.250000000000000222e-01,3.708754175668569839e-03
9.600000000000000894e-03,6.000000000000000888e-01,-4.495459606870992955e-03
9.600000000000000894e-03,6.000000000000000888e-01,-1.798183842748396748e-03
9.600000000000000894e-03,6.000000000000000888e-01,8.990919213741993500e-04
9.600000000000000894e-03,6.000000000000000888e-01,3.596367685496794364e-03
9.300000000000000974e-03,6.750000000000000444e-01,-4.354976494156274046e-03
9.300000000000000974e-03,6.750000000000000444e-01,-1.741990597662509228e-03
9.300000000000000974e-03,6.750000000000000444e-01,8.709952988312555898e-04
9.300000000000000974e-03,6.750000000000000444e-01,3.483981195325019323e-03
8.999999999999999320e-03,7.500000000000000000e-01,-4.214493381441556004e-03
8.999999999999999320e-03,7.500000000000000000e-01,-1.685797352576621925e-03
8.999999999999999320e-03,7.500000000000000000e-01,8.428986762883119380e-04
8.999999999999999320e-03,7.500000000000000000e-01,3.371594705153245150e-03
8.699999999999999400e-03,8.250000000000000666e-01,-4.074010268726837095e-03
8.699999999999999400e-03,8.250000000000000666e-01,-1.629604107490734404e-03
8.699999999999999400e-03,8.250000000000000666e-01,8.148020537453681779e-04
8.699999999999999400e-03,8.250000000000000666e-01,3.259208214981469676e-03
8.399999999999999481e-03,9.000000000000000222e-01,-3.933527156012118185e-03
8.399999999999999481e-03,9.000000000000000222e-01,-1.573410862404846884e-03
8.399999999999999481e-03,9.000000000000000222e-01,7.867054312024243093e-04
8.399999999999999481e-03,9.000000000000000222e-01,3.146821724809694635e-03
8.099999999999999561e-03,9.750000000000000888e-01,-3.793044043297399710e-03
8.099999999999999561e-03,9.750000000000000888e-01,-1.517217617318959580e-03
8.099999999999999561e-03,9.750000000000000888e-01,7.586088086594806575e-04
8.099999999999999561e-03,9.750000000000000888e-01,3.034435234637920028e-03
1.799999999999999864e-02,0.000000000000000000e+00,-6.414192264520669241e-03
1.799999999999999864e-02,0.000000000000000000e+00,-2.565676905808267176e-03
1.799999999999999864e-02,0.000000000000000000e+00,1.282838452904134889e-03
1.799999999999999864e-02,0.000000000000000000e+00,5.131353811616536087e-03
1.754999999999999963e-02,7.500000000000001110e-02,-6.253837457907652705e-03
1.754999999999999963e-02,7.500000000000001110e-02,-2.501534983163060648e-03
1.754999999999999963e-02,7.500000000000001110e-02,1.250767491581531625e-03
1.754999999999999963e-02,7.500000000000001110e-02,5.003069966326122164e-03
1.709999999999999715e-02,1.500000000000000222e-01,-6.093482651294636170e-03
1.709999999999999715e-02,1.500000000000000222e-01,-2.437393060517854121e-03
1.709999999999999715e-02,1.500000000000000222e-01,1.218696530258928361e-03
1.709999999999999715e-02,1.500000000000000222e-01,4.874786121035709109e-03
1.664999999999999813e-02,2.250000000000000056e-01,-5.933127844681619634e-03
1.664999999999999813e-02,2.250000000000000056e-01,-2.373251137872647160e-03
1.664999999999999813e-02,2.250000000000000056e-01,1.186625568936324881e-03
1.664999999999999813e-02,2.250000000000000056e-01,4.746502275745296054e-03
1.619999999999999912e-02,3.000000000000000444e-01,-5.772773038068603098e-03
1.619999999999999912e-02,3.000000000000000444e-01,-2.309109215227440632e-03
1.619999999999999912e-02,3.000000000000000444e-01,1.154554607613721617e-03
1.619999999999999912e-02,3.000000000000000444e-01,4.618218430454882999e-03
1.575000000000000011e-02,3.750000000000000000e-01,-5.612418231455585695e-03
1.575000000000000011e-02,3.750000000000000000e-01,-2.244967292582233671e-03
1.575000000000000011e-02,3.750000000000000000e-01,1.122483646291118136e-03
1.575000000000000011e-02,3.750000000000000000e-01,4.489934585164469076e-03
1.529999999999999763e-02,4.500000000000000111e-01,-5.452063424842569159e-03
1.529999999999999763e-02,4.500000000000000111e-01,-2.180825369937027143e-03
1.529999999999999763e-02,4.500000000000000111e-01,1.090412684968514873e-03
1.529999999999999763e-02,4.500000000000000111e-01,4.361650739874055153e-03
1.485000000000000035e-02,5.250000000000000222e-01,-5.291708618229552623e-03
1.485000000000000035e-02,5.250000000000000222e-01,-2.116683447291820615e-03
1.485000000000000035e-02,5.250000000000000222e-01,1.058341723645911392e-03
1.485000000000000035e-02,5.250000000000000222e-01,4.233366894583642098e-03
1.439999999999999961e-02,6.000000000000000888e-01,-5.131353811616536087e-03
1.439999999999999961e-02,6.000000000000000888e-01,-2.052541524646614088e-03
1.439999999999999961e-02,6.000000000000000888e-01,1.026270762323308128e-03
1.439999999999999961e-02,6.000000000000000888e-01,4.105083049293229043e-03
1.394999999999999886e-02,6.750000000000000444e-01,-4.970999005003518684e-03
1.394999999999999886e-02,6.750000000000000444e-01,-1.988399602001407127e-03
1.394999999999999886e-02,6.750000000000000444e-01,9.941998010007046475e-04
1.394999999999999886e-02,6.750000000000000444e-01,3.976799204002815120e-03
1.349999999999999985e-02,7.500000000000000000e-01,-4.810644198390502148e-03
1.349999999999999985e-02,7.500000000000000000e-01,-1.924257679356200382e-03
1.349999999999999985e-02,7.500000000000000000e-01,9.621288396781012752e-04
1.349999999999999985e-02,7.500000000000000000e-01,3.848515358712402065e-03
1.304999999999999910e-02,8.250000000000000666e-01,-4.650289391777485612e-03
1.304999999999999910e-02,8.250000000000000666e-01,-1.860115756710993854e-03
1.304999999999999910e-02,8.250000000000000666e-01,9.300578783554979030e-04
1.304999999999999910e-02,8.250000000000000666e-01,3.720231513421988576e-03
1.259999999999999835e-02,9.000000000000000222e-01,-4.489934585164468209e-03
1.259999999999999835e-02,9.000000000000000222e-01,-1.795973834065786893e-03
1.259999999999999835e-02,9.000000000000000222e-01,8.979869170328944224e-04
1.259999999999999835e-02,9.000000000000000222e-01,3.591947668131574654e-03
1.214999999999999761e-02,9.750000000000000888e-01,-4.329579778551451673e-03
1.214999999999999761e-02,9.750000000000000888e-01,-1.731831911420580366e-03
1.214999999999999761e-02,9.750000000000000888e-01,8.659159557102910501e-04
1.214999999999999761e-02,9.750000000000000888e-01,3.463663822841161598e-03
2.400000000000000050e-02,0.000000000000000000e+00,-6.885051588283498843e-03
2.400000000000000050e-02,0.000000000000000000e+00,-2.754020635313398930e-03
2.400000000000000050e-02,0.000000000000000000e+00,1.377010317656700983e-03
2.400000000000000050e-02,0.000000000000000000e+00,5.508041270626799595e-03
2.340000000000000066e-02,7.500000000000001110e-02,-6.712925298576411653e-03
2.340000000000000066e-02,7.500000000000001110e-02,-2.685170119430564141e-03
2.340000000000000066e-02,7.500000000000001110e-02,1.342585059715283588e-03
2.340000000000000066e-02,7.500000000000001110e-02,5.370340238861130017e-03
2.280000000000000082e-02,1.500000000000000222e-01,-6.540799008869323597e-03
2.280000000000000082e-02,1.500000000000000222e-01,-2.616319603547728918e-03
2.280000000000000082e-02,1.500000000000000222e-01,1.308159801773865977e-03
2.280000000000000082e-02,1.500000000000000222e-01,5.232639207095459571e-03
2.220000000000000098e-02,2.250000000000000056e-01,-6.368672719162237275e-03
2.220000000000000098e-02,2.250000000000000056e-01,-2.547469087664894129e-03
2.220000000000000098e-02,2.250000000000000056e-01,1.273734543832448583e-03
2.220000000000000098e-02,2.250000000000000056e-01,5.094938175329789994e-03
2.160000000000000114e-02,3.000000000000000444e-01,-6.196546429455149219e-03
2.160000000000000114e-02,3.000000000000000444e-01,-2.478618571782059340e-03
2.160000000000000114e-02,3.000000000000000444e-01,1.239309285891030971e-03
2.160000000000000114e-02,3.000000000000000444e-01,4.957237143564119548e-03
2.100000000000000130e-02,3.750000000000000000e-01,-6.024420139748062029e-03
2.100000000000000130e-02,3.750000000000000000e-01,-2.409768055899224118e-03
2.100000000000000130e-02,3.750000000000000000e-01,1.204884027949613577e-03
2.100000000000000130e-02,3.750000000000000000e-01,4.819536111798449970e-03
2.040000000000000147e-02,4.500000000000000111e-01,-5.852293850040973973e-03
2.040000000000000147e-02,4.500000000000000111e-01,-2.340917540016388895e-03
2.040000000000000147e-02,4.500000000000000111e-01,1.170458770008195749e-03
2.040000000000000147e-02,4.500000000000000111e-01,4.681835080032779525e-03
1.980000000000000163e-02,5.250000000000000222e-01,-5.680167560333887651e-03
1.980000000000000163e-02,5.250000000000000222e-01,-2.272067024133554540e-03
1.980000000000000163e-02,5.250000000000000222e-01,1.136033512066778571e-03
1.980000000000000163e-02,5.250000000000000222e-01,4.544134048267109947e-03
1.920000000000000179e-02,6.000000000000000888e-01,-5.508041270626799595e-03
1.920000000000000179e-02,6.000000000000000888e-01,-2.203216508250719317e-03
1.920000000000000179e-02,6.000000000000000888e-01,1.101608254125360960e-03
1.920000000000000179e-02,6.000000000000000888e-01,4.406433016501439502e-03
1.860000000000000195e-02,6.750000000000000444e-01,-5.335914980919712405e-03
1.860000000000000195e-02,6.750000000000000444e-01,-2.134365992367884528e-03
1.860000000000000195e-02,6.750000000000000444e-01,1.067182996183943348e-03
1.860000000000000195e-02,6.750000000000000444e-01,4.268731984735769924e-03
1.799999999999999864e-02,7.500000000000000000e-01,-5.163788691212624349e-03
1.799999999999999864e-02,7.500000000000000000e-01,-2.065515476485049306e-03
1.799999999999999864e-02,7.500000000000000000e-01,1.032757738242525737e-03
1.799999999999999864e-02,7.500000000000000000e-01,4.131030952970099479e-03
1.739999999999999880e-02,8.250000000000000666e-01,-4.991662401505537160e-03
1.739999999999999880e-02,8.250000000000000666e-01,-1.996664960602214517e-03
1.739999999999999880e-02,8.250000000000000666e-01,9.983324803011083427e-04
1.739999999999999880e-02,8.250000000000000666e-01,3.993329921204429901e-03
1.679999999999999896e-02,9.000000000000000222e-01,-4.819536111798449103e-03
1.679999999999999896e-02,9.000000000000000222e-01,-1.927814444719379294e-03
1.679999999999999896e-02,9.000000000000000222e-01,9.639072223596906229e-04
1.679999999999999896e-02,9.000000000000000222e-01,3.855628889438759456e-03
1.619999999999999912e-02,9.750000000000000888e-01,-4.647409822091361914e-03
1.619999999999999912e-02,9.750000000000000888e-01,-1.858963928836544289e-03
1.619999999999999912e-02,9.750000000000000888e-01,9.294819644182732285e-04
1.619999999999999912e-02,9.750000000000000888e-01,3.717927857673089878e-03
2.999999999999999889e-02,0.000000000000000000e+00,-7.129490624999999283e-03
2.999999999999999889e-02,0.000000000000000000e+00,-2.851796249999999193e-03
2.999999999999999889e-02,0.000000000000000000e+00,1.425898125000001114e-03
2.999999999999999889e-02,0.000000000000000000e+00,5.703592500000000121e-03
2.924999999999999822e-02,7.500000000000001110e-02,-6.951253359374999496e-03
2.924999999999999822e-02,7.500000000000001110e-02,-2.780501343749999278e-03
2.924999999999999822e-02,7.500000000000001110e-02,1.390250671875001157e-03
2.924999999999999822e-02,7.500000000000001110e-02,5.561002687500000291e-03
2.849999999999999756e-02,1.500000000000000222e-01,-6.773016093749998842e-03
2.849999999999999756e-02,1.500000000000000222e-01,-2.709206437499998930e-03
2.849999999999999756e-02,1.500000000000000222e-01,1.354603218750000983e-03
2.849999999999999756e-02,1.500000000000000222e-01,5.418412874999999594e-03
2.775000000000000036e-02,2.250000000000000056e-01,-6.594778828124999923e-03
2.775000000000000036e-02,2.250000000000000056e-01,-2.637911531249999449e-03
2.775000000000000036e-02,2.250000000000000056e-01,1.318955765625001242e-03
2.775000000000000036e-02,2.250000000000000056e-01,5.275823062500000632e-03
2.699999999999999969e-02,3.000000000000000444e-01,-6.416541562499999268e-03
2.699999999999999969e-02,3.000000000000000444e-01,-2.566616624999999100e-03
2.699999999999999969e-02,3.000000000000000444e-01,1.283308312500001068e-03
2.699999999999999969e-02,3.000000000000000444e-01,5.133233249999999935e-03
2.624999999999999903e-02,3.750000000000000000e-01,-6.238304296874999481e-03
2.624999999999999903e-02,3.750000000000000000e-01,-2.495321718749999185e-03
2.624999999999999903e-02,3.750000000000000000e-01,1.247660859375001111e-03
2.624999999999999903e-02,3.750000000000000000e-01,4.990643437500000106e-03
2.549999999999999836e-02,4.500000000000000111e-01,-6.060067031249998827e-03
2.549999999999999836e-02,4.500000000000000111e-01,-2.424026812499998837e-03
2.549999999999999836e-02,4.500000000000000111e-01,1.212013406250000936e-03
2.549999999999999836e-02,4.500000000000000111e-01,4.848053624999999409e-03
2.475000000000000117e-02,5.250000000000000222e-01,-5.881829765624999908e-03
2.475000000000000117e-02,5.250000000000000222e-01,-2.352731906249999356e-03
2.475000000000000117e-02,5.250000000000000222e-01,1.176365953125000979e-03
2.475000000000000117e-02,5.250000000000000222e-01,4.705463812500000446e-03
2.400000000000000050e-02,6.000000000000000888e-01,-5.703592500000000121e-03
2.400000000000000050e-02,6.000000000000000888e-01,-2.281436999999999441e-03
2.400000000000000050e-02,6.000000000000000888e-01,1.140718500000001022e-03
2.400000000000000050e-02,6.000000000000000888e-01,4.562874000000000617e-03
2.324999999999999983e-02,6.750000000000000444e-01,-5.525355234374999466e-03
2.324999999999999983e-02,6.750000000000000444e-01,-2.210142093749999093e-03
2.324999999999999983e-02,6.750000000000000444e-01,1.105071046875000847e-03
2.324999999999999983e-02,6.750000000000000444e-01,4.420284187499999920e-03
2.249999999999999917e-02,7.500000000000000000e-01,-5.347117968749999679e-03
2.249999999999999917e-02,7.500000000000000000e-01,-2.138847187499999612e-03
2.249999999999999917e-02,7.500000000000000000e-01,1.069423593750000890e-03
2.249999999999999917e-02,7.500000000000000000e-01,4.277694375000000090e-03
2.174999999999999850e-02,8.250000000000000666e-01,-5.168880703124999025e-03
2.174999999999999850e-02,8.250000000000000666e-01,-2.067552281249999263e-03
2.174999999999999850e-02,8.250000000000000666e-01,1.033776140625000716e-03
2.174999999999999850e-02,8.250000000000000666e-01,4.135104562499999394e-03
2.099999999999999784e-02,9.000000000000000222e-01,-4.990643437499999238e-03
2.099999999999999784e-02,9.000000000000000222e-01,-1.996257374999999348e-03
2.099999999999999784e-02,9.000000000000000222e-01,9.981286875000007584e-04
2.099999999999999784e-02,9.000000000000000222e-01,3.992514749999999564e-03
2.024999999999999717e-02,9.750000000000000888e-01,-4.812406171874998584e-03
2.024999999999999717e-02,9.750000000000000888e-01,-1.924962468749999000e-03
2.024999999999999717e-02,9.750000000000000888e-01,9.624812343750005841e-04
2.024999999999999717e-02,9.750000000000000888e-01,3.849924937499998867e-03
3.599999999999999728e-02,0.000000000000000000e+00,-7.202071967276434290e-03
3.599999999999999728e-02,0.000000000000000000e+00,-2.880828786910572935e-03
3.599999999999999728e-02,0.000000000000000000e+00,1.440414393455288202e-03
3.599999999999999728e-02,0.000000000000000000e+00,5.761657573821147606e-03
3.509999999999999926e-02,7.500000000000001110e-02,-7.022020168094523021e-03
3.509999999999999926e-02,7.500000000000001110e-02,-2.808808067237808515e-03
3.509999999999999926e-02,7.500000000000001110e-02,1.404404033618905775e-03
3.509999999999999926e-02,7.500000000000001110e-02,5.617616134475618764e-03
3.419999999999999429e-02,1.500000000000000222e-01,-6.841968368912611752e-03
3.419999999999999429e-02,1.500000000000000222e-01,-2.736787347565044094e-03
3.419999999999999429e-02,1.500000000000000222e-01,1.368393673782523565e-03
3.419999999999999429e-02,1.500000000000000222e-01,5.473574695130089922e-03
3.329999999999999627e-02,2.250000000000000056e-01,-6.661916569730702217e-03
3.329999999999999627e-02,2.250000000000000056e-01,-2.664766627892280106e-03
3.329999999999999627e-02,2.250000000000000056e-01,1.332383313946141571e-03
3.329999999999999627e-02,2.250000000000000056e-01,5.329533255784561947e-03
3.239999999999999825e-02,3.000000000000000444e-01,-6.481864770548790948e-03
3.239999999999999825e-02,3.000000000000000444e-01,-2.592745908219515685e-03
3.239999999999999825e-02,3.000000000000000444e-01,1.296372954109759361e-03
3.239999999999999825e-02,3.000000000000000444e-01,5.185491816439033105e-03
3.150000000000000022e-02,3.750000000000000000e-01,-6.301812971366879679e-03
3.150000000000000022e-02,3.750000000000000000e-01,-2.520725188546751264e-03
3.150000000000000022e-02,3.750000000000000000e-01,1.260362594273377150e-03
3.150000000000000022e-02,3.750000000000000000e-01,5.041450377093504263e-03
3.059999999999999526e-02,4.500000000000000111e-01,-6.121761172184968409e-03
3.059999999999999526e-02,4.500000000000000111e-01,-2.448704468873986843e-03
3.059999999999999526e-02,4.500000000000000111e-01,1.224352234436994723e-03
3.059999999999999526e-02,4.500000000000000111e-01,4.897408937747975421e-03
2.970000000000000070e-02,5.250000000000000222e-01,-5.941709373003058875e-03
2.970000000000000070e-02,5.250000000000000222e-01,-2.376683749201222856e-03
2.970000000000000070e-02,5.250000000000000222e-01,1.188341874600612729e-03
2.970000000000000070e-02,5.250000000000000222e-01,4.753367498402447447e-03
2.879999999999999921e-02,6.000000000000000888e-01,-5.761657573821147606e-03
2.879999999999999921e-02,6.000000000000000888e-01,-2.304663029528458435e-03
2.879999999999999921e-02,6.000000000000000888e-01,1.152331514764230519e-03
2.879999999999999921e-02,6.000000000000000888e-01,4.609326059056918605e-03
2.789999999999999772e-02,6.750000000000000444e-01,-5.581605774639236336e-03
2.789999999999999772e-02,6.750000000000000444e-01,-2.232642309855694014e-03
2.789999999999999772e-02,6.750000000000000444e-01,1.116321154927848308e-03
2.789999999999999772e-02,6.750000000000000444e-01,4.465284619711388896e-03
2.699999999999999969e-02,7.500000000000000000e-01,-5.401553975457325935e-03
2.699999999999999969e-02,7.500000000000000000e-01,-2.160621590182930027e-03
2.699999999999999969e-02,7.500000000000000000e-01,1.080310795091466098e-03
2.699999999999999969e-02,7.500000000000000000e-01,4.321243180365860921e-03
2.609999999999999820e-02,8.250000000000000666e-01,-5.221502176275414665e-03
2.609999999999999820e-02,8.250000000000000666e-01,-2.088600870510165606e-03
2.609999999999999820e-02,8.250000000000000666e-01,1.044300435255083887e-03
2.609999999999999820e-02,8.250000000000000666e-01,4.177201741020332079e-03
2.519999999999999671e-02,9.000000000000000222e-01,-5.041450377093503396e-03
2.519999999999999671e-02,9.000000000000000222e-01,-2.016580150837400751e-03
2.519999999999999671e-02,9.000000000000000222e-01,1.008290075418701677e-03
2.519999999999999671e-02,9.000000000000000222e-01,4.033160301674803237e-03
2.429999999999999521e-02,9.750000000000000888e-01,-4.861398577911592127e-03
2.429999999999999521e-02,9.750000000000000888e-01,-1.944559431164636330e-03
2.429999999999999521e-02,9.750000000000000888e-01,9.722797155823192494e-04
2.429999999999999521e-02,9.750000000000000888e-01,3.889118862329273962e-03
4.199999999999999567e-02,0.000000000000000000e+00,-7.138341855736384835e-03
4.199999999999999567e-02,0.000000000000000000e+00,-2.855336742294553500e-03
4.199999999999999567e-02,0.000000000000000000e+00,1.427668371147278268e-03
4.199999999999999567e-02,0.000000000000000000e+00,5.710673484589107868e-03
4.094999999999999335e-02,7.500000000000001110e-02,-6.959883309342974889e-03
4.094999999999999335e-02,7.500000000000001110e-02,-2.783953323737189435e-03
4.094999999999999335e-02,7.500000000000001110e-02,1.391976661868596235e-03
4.094999999999999335e-02,7.500000000000001110e-02,5.567906647474380605e-03
3.989999999999999103e-02,1.500000000000000222e-01,-6.781424762949565810e-03
3.989999999999999103e-02,1.500000000000000222e-01,-2.712569905179825804e-03
3.989999999999999103e-02,1.500000000000000222e-01,1.356284952589914420e-03
3.989999999999999103e-02,1.500000000000000222e-01,5.425139810359653342e-03
3.884999999999999565e-02,2.250000000000000056e-01,-6.602966216556156731e-03
3.884999999999999565e-02,2.250000000000000056e-01,-2.641186486622462172e-03
3.884999999999999565e-02,2.250000000000000056e-01,1.320593243311232604e-03
3.884999999999999565e-02,2.250000000000000056e-01,5.282372973244926079e-03
3.780000000000000027e-02,3.000000000000000444e-01,-6.424507670162746785e-03
3.780000000000000027e-02,3.000000000000000444e-01,-2.569803068065098107e-03
3.780000000000000027e-02,3.000000000000000444e-01,1.284901534032550571e-03
3.780000000000000027e-02,3.000000000000000444e-01,5.139606136130197948e-03
3.674999999999999795e-02,3.750000000000000000e-01,-6.246049123769336839e-03
3.674999999999999795e-02,3.750000000000000000e-01,-2.498419649507734042e-03
3.674999999999999795e-02,3.750000000000000000e-01,1.249209824753868539e-03
3.674999999999999795e-02,3.750000000000000000e-01,4.996839299015469818e-03
3.569999999999999563e-02,4.500000000000000111e-01,-6.067590577375926893e-03
3.569999999999999563e-02,4.500000000000000111e-01,-2.427036230950370410e-03
3.569999999999999563e-02,4.500000000000000111e-01,1.213518115475186506e-03
3.569999999999999563e-02,4.500000000000000111e-01,4.854072461900741688e-03
3.465000000000000024e-02,5.250000000000000222e-01,-5.889132030982517814e-03
3.465000000000000024e-02,5.250000000000000222e-01,-2.355652812393006779e-03
3.465000000000000024e-02,5.250000000000000222e-01,1.177826406196504690e-03
3.465000000000000024e-02,5.250000000000000222e-01,4.711305624786014425e-03
3.359999999999999792e-02,6.000000000000000888e-01,-5.710673484589108735e-03
3.359999999999999792e-02,6.000000000000000888e-01,-2.284269393835643147e-03
3.359999999999999792e-02,6.000000000000000888e-01,1.142134696917822658e-03
3.359999999999999792e-02,6.000000000000000888e-01,4.568538787671287162e-03
3.254999999999999560e-02,6.750000000000000444e-01,-5.532214938195698789e-03
3.254999999999999560e-02,6.750000000000000444e-01,-2.212885975278279082e-03
3.254999999999999560e-02,6.750000000000000444e-01,1.106442987639140842e-03
3.254999999999999560e-02,6.750000000000000444e-01,4.425771950556559031e-03
3.150000000000000022e-02,7.500000000000000000e-01,-5.353756391802288843e-03
3.150000000000000022e-02,7.500000000000000000e-01,-2.141502556720915017e-03
3.150000000000000022e-02,7.500000000000000000e-01,1.070751278360458809e-03
3.150000000000000022e-02,7.500000000000000000e-01,4.283005113441830901e-03
3.044999999999999443e-02,8.250000000000000666e-01,-5.175297845408878897e-03
3.044999999999999443e-02,8.250000000000000666e-01,-2.070119138163550952e-03
3.044999999999999443e-02,8.250000000000000666e-01,1.035059569081776777e-03
3.044999999999999443e-02,8.250000000000000666e-01,4.140238276327103638e-03
2.939999999999999558e-02,9.000000000000000222e-01,-4.996839299015468951e-03
2.939999999999999558e-02,9.000000000000000222e-01,-1.998735719606187320e-03
2.939999999999999558e-02,9.000000000000000222e-01,9.993678598030947442e-04
2.939999999999999558e-02,9.000000000000000222e-01,3.997471439212375507e-03
2.834999999999999326e-02,9.750000000000000888e-01,-4.818380752622059872e-03
2.834999999999999326e-02,9.750000000000000888e-01,-1.927352301048823472e-03
2.834999999999999326e-02,9.750000000000000888e-01,9.636761505244128201e-04
2.834999999999999326e-02,9.750000000000000888e-01,3.854704602097648244e-03
4.800000000000000100e-02,0.000000000000000000e+00,-6.963613017177482101e-03
4.800000000000000100e-02,0.000000000000000000e+00,-2.785445206870992233e-03
4.800000000000000100e-02,0.000000000000000000e+00,1.392722603435497634e-03
4.800000000000000100e-02,0.000000000000000000e+00,5.570890413741986201e-03
4.680000000000000132e-02,7.500000000000001110e-02,-6.789522691748045222e-03
4.680000000000000132e-02,7.500000000000001110e-02,-2.715809076699217308e-03
4.680000000000000132e-02,7.500000000000001110e-02,1.357904538349610172e-03
4.680000000000000132e-02,7.500000000000001110e-02,5.431618153398436351e-03
4.560000000000000164e-02,1.500000000000000222e-01,-6.615432366318607475e-03
4.560000000000000164e-02,1.500000000000000222e-01,-2.646172946527442383e-03
4.560000000000000164e-02,1.500000000000000222e-01,1.323086473263722709e-03
4.560000000000000164e-02,1.500000000000000222e-01,5.292345893054886501e-03
4.440000000000000197e-02,2.250000000000000056e-01,-6.441342040889171464e-03
4.440000000000000197e-02,2.250000000000000056e-01,-2.576536816355667892e-03
4.440000000000000197e-02,2.250000000000000056e-01,1.288268408177835464e-03
4.440000000000000197e-02,2.250000000000000056e-01,5.153073632711337518e-03
4.320000000000000229e-02,3.000000000000000444e-01,-6.267251715459733717e-03
4.320000000000000229e-02,3.000000000000000444e-01,-2.506900686183892966e-03
4.320000000000000229e-02,3.000000000000000444e-01,1.253450343091947784e-03
4.320000000000000229e-02,3.000000000000000444e-01,5.013801372367787668e-03
4.200000000000000261e-02,3.750000000000000000e-01,-6.093161390030296838e-03
4.200000000000000261e-02,3.750000000000000000e-01,-2.437264556012118041e-03
4.200000000000000261e-02,3.750000000000000000e-01,1.218632278006060539e-03
4.200000000000000261e-02,3.750000000000000000e-01,4.874529112024237817e-03
4.080000000000000293e-02,4.500000000000000111e-01,-5.919071064600859959e-03
4.080000000000000293e-02,4.500000000000000111e-01,-2.367628425840343550e-03
4.080000000000000293e-02,4.500000000000000111e-01,1.183814212920173076e-03
4.080000000000000293e-02,4.500000000000000111e-01,4.735256851680687967e-03
3.960000000000000325e-02,5.250000000000000222e-01,-5.744980739171423080e-03
3.960000000000000325e-02,5.250000000000000222e-01,-2.297992295668568625e-03
3.960000000000000325e-02,5.250000000000000222e-01,1.148996147834285613e-03
3.960000000000000325e-02,5.250000000000000222e-01,4.595984591337138984e-03
3.840000000000000357e-02,6.000000000000000888e-01,-5.570890413741986201e-03
3.840000000000000357e-02,6.000000000000000888e-01,-2.228356165496794133e-03
3.840000000000000357e-02,6.000000000000000888e-01,1.114178082748398151e-03
3.840000000000000357e-02,6.000000000000000888e-01,4.456712330993589134e-03
3.720000000000000390e-02,6.750000000000000444e-01,-5.396800088312548455e-03
3.720000000000000390e-02,6.750000000000000444e-01,-2.158720035325018775e-03
3.720000000000000390e-02,6.750000000000000444e-01,1.079360017662510688e-03
3.720000000000000390e-02,6.750000000000000444e-01,4.317440070650039284e-03
3.599999999999999728e-02,7.500000000000000000e-01,-5.222709762883111576e-03
3.599999999999999728e-02,7.500000000000000000e-01,-2.089083905153244283e-03
3.599999999999999728e-02,7.500000000000000000e-01,1.044541952576623226e-03
3.599999999999999728e-02,7.500000000000000000e-01,4.178167810306489434e-03
3.479999999999999760e-02,8.250000000000000666e-01,-5.048619437453674696e-03
3.479999999999999760e-02,8.250000000000000666e-01,-2.019447774981469358e-03
3.479999999999999760e-02,8.250000000000000666e-01,1.009723887490735763e-03
3.479999999999999760e-02,8.250000000000000666e-01,4.038895549962939584e-03
3.359999999999999792e-02,9.000000000000000222e-01,-4.874529112024236950e-03
3.359999999999999792e-02,9.000000000000000222e-01,-1.949811644809694433e-03
3.359999999999999792e-02,9.000000000000000222e-01,9.749058224048483007e-04
3.359999999999999792e-02,9.000000000000000222e-01,3.899623289619389734e-03
3.239999999999999825e-02,9.750000000000000888e-01,-4.700438786594800071e-03
3.239999999999999825e-02,9.750000000000000888e-01,-1.880175514637919508e-03
3.239999999999999825e-02,9.750000000000000888e-01,9.400877573189608382e-04
3.239999999999999825e-02,9.750000000000000888e-01,3.760351029275840317e-03
5.399999999999999939e-02,0.000000000000000000e+00,-6.696884007425249821e-03
5.399999999999999939e-02,0.000000000000000000e+00,-2.678753602970099495e-03
5.399999999999999939e-02,0.000000000000000000e+00,1.339376801485051048e-03
5.399999999999999939e-02,0.000000000000000000e+00,5.357507205940199857e-03
5.264999999999999541e-02,7.500000000000001110e-02,-6.529461907239618793e-03
5.264999999999999541e-02,7.500000000000001110e-02,-2.611784762895846997e-03
5.264999999999999541e-02,7.500000000000001110e-02,1.305892381447925016e-03
5.264999999999999541e-02,7.500000000000001110e-02,5.223569525791695728e-03
5.129999999999999838e-02,1.500000000000000222e-01,-6.362039807053986896e-03
5.129999999999999838e-02,1.500000000000000222e-01,-2.544815922821594065e-03
5.129999999999999838e-02,1.500000000000000222e-01,1.272407961410798550e-03
5.129999999999999838e-02,1.500000000000000222e-01,5.089631845643189864e-03
4.995000000000000134e-02,2.250000000000000056e-01,-6.194617706868356735e-03
4.995000000000000134e-02,2.250000000000000056e-01,-2.477847082747342000e-03
4.995000000000000134e-02,2.250000000000000056e-01,1.238923541373672518e-03
4.995000000000000134e-02,2.250000000000000056e-01,4.955694165494685735e-03
4.859999999999999737e-02,3.000000000000000444e-01,-6.027195606682724839e-03
4.859999999999999737e-02,3.000000000000000444e-01,-2.410878242673089502e-03
4.859999999999999737e-02,3.000000000000000444e-01,1.205439121336546052e-03
4.859999999999999737e-02,3.000000000000000444e-01,4.821756485346179871e-03
4.725000000000000033e-02,3.750000000000000000e-01,-5.859773506497093810e-03
4.725000000000000033e-02,3.750000000000000000e-01,-2.343909402598837004e-03
4.725000000000000033e-02,3.750000000000000000e-01,1.171954701299419803e-03
4.725000000000000033e-02,3.750000000000000000e-01,4.687818805197675742e-03
4.589999999999999636e-02,4.500000000000000111e-01,-5.692351406311461914e-03
4.589999999999999636e-02,4.500000000000000111e-01,-2.276940562524584072e-03
4.589999999999999636e-02,4.500000000000000111e-01,1.138470281262293337e-03
4.589999999999999636e-02,4.500000000000000111e-01,4.553881125049169878e-03
4.455000000000000626e-02,5.250000000000000222e-01,-5.524929306125831753e-03
4.455000000000000626e-02,5.250000000000000222e-01,-2.209971722450332007e-03
4.455000000000000626e-02,5.250000000000000222e-01,1.104985861225167305e-03
4.455000000000000626e-02,5.250000000000000222e-01,4.419943444900665749e-03
4.320000000000000229e-02,6.000000000000000888e-01,-5.357507205940199857e-03
4.320000000000000229e-02,6.000000000000000888e-01,-2.143002882376079509e-03
4.320000000000000229e-02,6.000000000000000888e-01,1.071501441188040839e-03
4.320000000000000229e-02,6.000000000000000888e-01,4.286005764752159886e-03
4.184999999999999831e-02,6.750000000000000444e-01,-5.190085105754568828e-03
4.184999999999999831e-02,6.750000000000000444e-01,-2.076034042301827011e-03
4.184999999999999831e-02,6.750000000000000444e-01,1.038017021150914590e-03
4.184999999999999831e-02,6.750000000000000444e-01,4.152068084603654889e-03
4.050000000000000128e-02,7.500000000000000000e-01,-5.022663005568936932e-03
4.050000000000000128e-02,7.500000000000000000e-01,-2.009065202227574513e-03
4.050000000000000128e-02,7.500000000000000000e-01,1.004532601113788341e-03
4.050000000000000128e-02,7.500000000000000000e-01,4.018130404455149893e-03
3.914999999999999730e-02,8.250000000000000666e-01,-4.855240905383305904e-03
3.914999999999999730e-02,8.250000000000000666e-01,-1.942096362153322014e-03
3.914999999999999730e-02,8.250000000000000666e-01,9.710481810766620914e-04
3.914999999999999730e-02,8.250000000000000666e-01,3.884192724306644896e-03
3.780000000000000027e-02,9.000000000000000222e-01,-4.687818805197674875e-03
3.780000000000000027e-02,9.000000000000000222e-01,-1.875127522079069516e-03
3.780000000000000027e-02,9.000000000000000222e-01,9.375637610395358423e-04
3.780000000000000027e-02,9.000000000000000222e-01,3.750255044158139900e-03
3.644999999999999629e-02,9.750000000000000888e-01,-4.520396705012042979e-03
3.644999999999999629e-02,9.750000000000000888e-01,-1.808158682004816801e-03
3.644999999999999629e-02,9.750000000000000888e-01,9.040793410024093764e-04
3.644999999999999629e-02,9.750000000000000888e-01,3.616317364009634470e-03
5.999999999999999778e-02,0.000000000000000000e+00,-6.352830240068590290e-03
5.999999999999999778e-02,0.000000000000000000e+00,-2.541132096027435335e-03
5.999999999999999778e-02,0.000000000000000000e+00,1.270566048013719185e-03
5.999999999999999778e-02,0.000000000000000000e+00,5.082264192054872405e-03
5.849999999999999645e-02,7.500000000000001110e-02,-6.194009484066875446e-03
5.849999999999999645e-02,7.500000000000001110e-02,-2.477603793626749484e-03
5.849999999999999645e-02,7.500000000000001110e-02,1.238801896813376260e-03
5.849999999999999645e-02,7.500000000000001110e-02,4.955207587253500703e-03
5.699999999999999512e-02,1.500000000000000222e-01,-6.035188728065159734e-03
5.699999999999999512e-02,1.500000000000000222e-01,-2.414075491226063200e-03
5.699999999999999512e-02,1.500000000000000222e-01,1.207037745613033118e-03
5.699999999999999512e-02,1.500000000000000222e-01,4.828150982452128134e-03
5.550000000000000072e-02,2.250000000000000056e-01,-5.876367972063445758e-03
5.550000000000000072e-02,2.250000000000000056e-01,-2.350547188825377783e-03
5.550000000000000072e-02,2.250000000000000056e-01,1.175273594412690192e-03
5.550000000000000072e-02,2.250000000000000056e-01,4.701094377650757300e-03
5.399999999999999939e-02,3.000000000000000444e-01,-5.717547216061730914e-03
5.399999999999999939e-02,3.000000000000000444e-01,-2.287018886424691932e-03
5.399999999999999939e-02,3.000000000000000444e-01,1.143509443212347267e-03
5.399999999999999939e-02,3.000000000000000444e-01,4.574037772849384731e-03
5.249999999999999806e-02,3.750000000000000000e-01,-5.558726460060016070e-03
5.249999999999999806e-02,3.750000000000000000e-01,-2.223490584024006081e-03
5.249999999999999806e-02,3.750000000000000000e-01,1.111745292012004125e-03
5.249999999999999806e-02,3.750000000000000000e-01,4.446981168048013029e-03
5.099999999999999672e-02,4.500000000000000111e-01,-5.399905704058301226e-03
5.099999999999999672e-02,4.500000000000000111e-01,-2.159962281623319796e-03
5.099999999999999672e-02,4.500000000000000111e-01,1.079981140811661199e-03
5.099999999999999672e-02,4.500000000000000111e-01,4.319924563246641327e-03
4.950000000000000233e-02,5.250000000000000222e-01,-5.241084948056587249e-03
4.950000000000000233e-02,5.250000000000000222e-01,-2.096433979222634379e-03
4.950000000000000233e-02,5.250000000000000222e-01,1.048216989611318274e-03
4.950000000000000233e-02,5.250000000000000222e-01,4.192867958445269626e-03
4.800000000000000100e-02,6.000000000000000888e-01,-5.082264192054872405e-03
4.800000000000000100e-02,6.000000000000000888e-01,-2.032905676821948528e-03
4.800000000000000100e-02,6.000000000000000888e-01,1.016452838410975348e-03
4.800000000000000100e-02,6.000000000000000888e-01,4.065811353643897924e-03
4.649999999999999967e-02,6.750000000000000444e-01,-4.923443436053157561e-03
4.649999999999999967e-02,6.750000000000000444e-01,-1.969377374421262678e-03
4.649999999999999967e-02,6.750000000000000444e-01,9.846886872106324230e-04
4.649999999999999967e-02,6.750000000000000444e-01,3.938754748842526222e-03
4.499999999999999833e-02,7.500000000000000000e-01,-4.764622680051442717e-03
4.499999999999999833e-02,7.500000000000000000e-01,-1.905849072020576610e-03
4.499999999999999833e-02,7.500000000000000000e-01,9.529245360102893891e-04
4.499999999999999833e-02,7.500000000000000000e-01,3.811698144041154521e-03
4.349999999999999700e-02,8.250000000000000666e-01,-4.605801924049727873e-03
4.349999999999999700e-02,8.250000000000000666e-01,-1.842320769619890759e-03
4.349999999999999700e-02,8.250000000000000666e-01,9.211603848099463553e-04
4.349999999999999700e-02,8.250000000000000666e-01,3.684641539239782385e-03
4.199999999999999567e-02,9.000000000000000222e-01,-4.446981168048013029e-03
4.199999999999999567e-02,9.000000000000000222e-01,-1.778792467219204908e-03
4.199999999999999567e-02,9.000000000000000222e-01,8.893962336096034298e-04
4.199999999999999567e-02,9.000000000000000222e-01,3.557584934438410684e-03
4.049999999999999434e-02,9.750000000000000888e-01,-4.288160412046298185e-03
4.049999999999999434e-02,9.750000000000000888e-01,-1.715264164818518840e-03
4.049999999999999434e-02,9.750000000000000888e-01,8.576320824092603960e-04
4.049999999999999434e-02,9.750000000000000888e-01,3.430528329637038548e-03
6.600000000000000311e-02,0.000000000000000000e+00,-5.942913206894656110e-03
6.600000000000000311e-02,0.000000000000000000e+00,-2.377165282757861924e-03
6.600000000000000311e-02,0.000000000000000000e+00,1.188582641378932263e-03
6.600000000000000311e-02,0.000000000000000000e+00,4.754330565515725582e-03
6.435000000000000442e-02,7.500000000000001110e-02,-5.794340376722289902e-03
6.435000000000000442e-02,7.500000000000001110e-02,-2.317736150688915267e-03
6.435000000000000442e-02,7.500000000000001110e-02,1.158868075344458935e-03
6.435000000000000442e-02,7.500000000000001110e-02,4.635472301377832269e-03
6.270000000000000573e-02,1.500000000000000222e-01,-5.645767546549922827e-03
6.270000000000000573e-02,1.500000000000000222e-01,-2.258307018619968611e-03
6.270000000000000573e-02,1.500000000000000222e-01,1.129153509309985606e-03
6.270000000000000573e-02,1.500000000000000222e-01,4.516614037239938088e-03
6.105000000000000704e-02,2.250000000000000056e-01,-5.497194716377557487e-03
6.105000000000000704e-02,2.250000000000000056e-01,-2.198877886551022388e-03
6.105000000000000704e-02,2.250000000000000056e-01,1.099438943275512495e-03
6.105000000000000704e-02,2.250000000000000056e-01,4.397755773102046510e-03
5.940000000000000141e-02,3.000000000000000444e-01,-5.348621886205190412e-03
5.940000000000000141e-02,3.000000000000000444e-01,-2.139448754482075731e-03
5.940000000000000141e-02,3.000000000000000444e-01,1.069724377241038950e-03
5.940000000000000141e-02,3.000000000000000444e-01,4.278897508964152330e-03
5.775000000000000272e-02,3.750000000000000000e-01,-5.200049056032824205e-03
5.775000000000000272e-02,3.750000000000000000e-01,-2.080019622413129075e-03
5.775000000000000272e-02,3.750000000000000000e-01,1.040009811206565838e-03
5.775000000000000272e-02,3.750000000000000000e-01,4.160039244826259884e-03
5.610000000000000403e-02,4.500000000000000111e-01,-5.051476225860457997e-03
5.610000000000000403e-02,4.500000000000000111e-01,-2.020590490344182852e-03
5.610000000000000403e-02,4.500000000000000111e-01,1.010295245172092510e-03
5.610000000000000403e-02,4.500000000000000111e-01,4.041180980688366571e-03
5.445000000000000534e-02,5.250000000000000222e-01,-4.902903395688091789e-03
5.445000000000000534e-02,5.250000000000000222e-01,-1.961161358275236195e-03
5.445000000000000534e-02,5.250000000000000222e-01,9.805806791376191819e-04
5.445000000000000534e-02,5.250000000000000222e-01,3.922322716550473258e-03
5.280000000000000665e-02,6.000000000000000888e-01,-4.754330565515725582e-03
5.280000000000000665e-02,6.000000000000000888e-01,-1.901732226206289756e-03
5.280000000000000665e-02,6.000000000000000888e-01,9.508661131031459620e-04
5.280000000000000665e-02,6.000000000000000888e-01,3.803464452412580812e-03
5.115000000000000102e-02,6.750000000000000444e-01,-4.605757735343358507e-03
5.115000000000000102e-02,6.750000000000000444e-01,-1.842303094137343099e-03
5.115000000000000102e-02,6.750000000000000444e-01,9.211515470686725254e-04
5.115000000000000102e-02,6.750000000000000444e-01,3.684606188274687066e-03
4.950000000000000233e-02,7.500000000000000000e-01,-4.457184905170992299e-03
4.950000000000000233e-02,7.500000000000000000e-01,-1.782873962068396443e-03
4.950000000000000233e-02,7.500000000000000000e-01,8.914369810341993055e-04
4.950000000000000233e-02,7.500000000000000000e-01,3.565747924136794186e-03
4.785000000000000364e-02,8.250000000000000666e-01,-4.308612074998625224e-03
4.785000000000000364e-02,8.250000000000000666e-01,-1.723444829999449786e-03
4.785000000000000364e-02,8.250000000000000666e-01,8.617224149997257604e-04
4.785000000000000364e-02,8.250000000000000666e-01,3.446889659998900440e-03
4.619999999999999801e-02,9.000000000000000222e-01,-4.160039244826259017e-03
4.619999999999999801e-02,9.000000000000000222e-01,-1.664015697930503130e-03
4.619999999999999801e-02,9.000000000000000222e-01,8.320078489652525406e-04
4.619999999999999801e-02,9.000000000000000222e-01,3.328031395861007560e-03
4.454999999999999932e-02,9.750000000000000888e-01,-4.011466414653892809e-03
4.454999999999999932e-02,9.750000000000000888e-01,-1.604586565861556690e-03
4.454999999999999932e-02,9.750000000000000888e-01,8.022932829307793208e-04
4.454999999999999932e-02,9.750000000000000888e-01,3.209173131723114247e-03
7.199999999999999456e-02,0.000000000000000000e+00,-5.476042879041340995e-03
7.199999999999999456e-02,0.000000000000000000e+00,-2.190417151616535791e-03
7.199999999999999456e-02,0.000000000000000000e+00,1.095208575808269197e-03
7.199999999999999456e-02,0.000000000000000000e+00,4.380834303233073317e-03
7.019999999999999851e-02,7.500000000000001110e-02,-5.339141807065307319e-03
7.019999999999999851e-02,7.500000000000001110e-02,-2.135656722826122407e-03
7.019999999999999851e-02,7.500000000000001110e-02,1.067828361413062505e-03
7.019999999999999851e-02,7.500000000000001110e-02,4.271313445652245681e-03
6.839999999999998859e-02,1.500000000000000222e-01,-5.202240735089273642e-03
6.839999999999998859e-02,1.500000000000000222e-01,-2.080896294035709023e-03
6.839999999999998859e-02,1.500000000000000222e-01,1.040448147017855596e-03
6.839999999999998859e-02,1.500000000000000222e-01,4.161792588071418914e-03
6.659999999999999254e-02,2.250000000000000056e-01,-5.065339663113240833e-03
6.659999999999999254e-02,2.250000000000000056e-01,-2.026135865245296073e-03
6.659999999999999254e-02,2.250000000000000056e-01,1.013067932622649121e-03
6.659999999999999254e-02,2.250000000000000056e-01,4.052271730490593013e-03
6.479999999999999649e-02,3.000000000000000444e-01,-4.928438591137207156e-03
6.479999999999999649e-02,3.000000000000000444e-01,-1.971375436454882255e-03
6.479999999999999649e-02,3.000000000000000444e-01,9.856877182274422118e-04
6.479999999999999649e-02,3.000000000000000444e-01,3.942750872909766245e-03
6.300000000000000044e-02,3.750000000000000000e-01,-4.791537519161173479e-03
6.300000000000000044e-02,3.750000000000000000e-01,-1.916615007664468871e-03
6.300000000000000044e-02,3.750000000000000000e-01,9.583075038322355198e-04
6.300000000000000044e-02,3.750000000000000000e-01,3.833230015328939044e-03
6.119999999999999052e-02,4.500000000000000111e-01,-4.654636447185139803e-03
6.119999999999999052e-02,4.500000000000000111e-01,-1.861854578874055487e-03
6.119999999999999052e-02,4.500000000000000111e-01,9.309272894370288279e-04
6.119999999999999052e-02,4.500000000000000111e-01,3.723709157748111842e-03
5.940000000000000141e-02,5.250000000000000222e-01,-4.517735375209106993e-03
5.940000000000000141e-02,5.250000000000000222e-01,-1.807094150083642320e-03
5.940000000000000141e-02,5.250000000000000222e-01,9.035470750418222443e-04
5.940000000000000141e-02,5.250000000000000222e-01,3.614188300167285942e-03
5.759999999999999842e-02,6.000000000000000888e-01,-4.380834303233073317e-03
5.759999999999999842e-02,6.000000000000000888e-01,-1.752333721293228936e-03
5.759999999999999842e-02,6.000000000000000888e-01,8.761668606466154439e-04
5.759999999999999842e-02,6.000000000000000888e-01,3.504667442586458740e-03
5.579999999999999544e-02,6.750000000000000444e-01,-4.243933231257039640e-03
5.579999999999999544e-02,6.750000000000000444e-01,-1.697573292502815552e-03
5.579999999999999544e-02,6.750000000000000444e-01,8.487866462514086436e-04
5.579999999999999544e-02,6.750000000000000444e-01,3.395146585005631972e-03
5.399999999999999939e-02,7.500000000000000000e-01,-4.107032159281005963e-03
5.399999999999999939e-02,7.500000000000000000e-01,-1.642812863712401952e-03
5.399999999999999939e-02,7.500000000000000000e-01,8.214064318562019516e-04
5.399999999999999939e-02,7.500000000000000000e-01,3.285625727424804771e-03
5.219999999999999640e-02,8.250000000000000666e-01,-3.970131087304972287e-03
5.219999999999999640e-02,8.250000000000000666e-01,-1.588052434921988568e-03
5.219999999999999640e-02,8.250000000000000666e-01,7.940262174609951512e-04
5.219999999999999640e-02,8.250000000000000666e-01,3.176104869843978003e-03
5.039999999999999342e-02,9.000000000000000222e-01,-3.833230015328938610e-03
5.039999999999999342e-02,9.000000000000000222e-01,-1.533292006131575184e-03
5.039999999999999342e-02,9.000000000000000222e-01,7.666460030657883508e-04
5.039999999999999342e-02,9.000000000000000222e-01,3.066584012263151235e-03
4.859999999999999043e-02,9.750000000000000888e-01,-3.696328943352904933e-03
4.859999999999999043e-02,9.750000000000000888e-01,-1.478531577341161583e-03
4.859999999999999043e-02,9.750000000000000888e-01,7.392657886705816589e-04
4.859999999999999043e-02,9.750000000000000888e-01,2.957063154682324033e-03
7.799999999999999989e-02,0.000000000000000000e+00,-4.958995368382842356e-03
7.799999999999999989e-02,0.000000000000000000e+00,-1.983598147353136682e-03
7.799999999999999989e-02,0.000000000000000000e+00,9.917990736765694253e-04
7.799999999999999989e-02,0.000000000000000000e+00,3.967196294706274232e-03
7.604999999999999261e-02,7.500000000000001110e-02,-4.835020484173271557e-03
7.604999999999999261e-02,7.500000000000001110e-02,-1.934008193669308102e-03
7.604999999999999261e-02,7.500000000000001110e-02,9.670040968346551354e-04
7.604999999999999261e-02,7.500000000000001110e-02,3.868016387338617506e-03
7.409999999999999920e-02,1.500000000000000222e-01,-4.711045599963699891e-03
7.409999999999999920e-02,1.500000000000000222e-01,-1.884418239985479523e-03
7.409999999999999920e-02,1.500000000000000222e-01,9.422091199927408456e-04
7.409999999999999920e-02,1.500000000000000222e-01,3.768836479970959913e-03
7.215000000000000580e-02,2.250000000000000056e-01,-4.587070715754129960e-03
7.215000000000000580e-02,2.250000000000000056e-01,-1.834828286301651594e-03
7.215000000000000580e-02,2.250000000000000056e-01,9.174141431508267726e-04
7.215000000000000580e-02,2.250000000000000056e-01,3.669656572603304055e-03
7.019999999999999851e-02,3.000000000000000444e-01,-4.463095831544558294e-03
7.019999999999999851e-02,3.000000000000000444e-01,-1.785238332617823014e-03
7.019999999999999851e-02,3.000000000000000444e-01,8.926191663089124827e-04
7.019999999999999851e-02,3.000000000000000444e-01,3.570476665235646895e-03
6.825000000000000511e-02,3.750000000000000000e-01,-4.339120947334987495e-03
6.825000000000000511e-02,3.750000000000000000e-01,-1.735648378933994651e-03
6.825000000000000511e-02,3.750000000000000000e-01,8.678241894669983013e-04
6.825000000000000511e-02,3.750000000000000000e-01,3.471296757867990170e-03
6.629999999999999782e-02,4.500000000000000111e-01,-4.215146063125415829e-03
6.629999999999999782e-02,4.500000000000000111e-01,-1.686058425250165855e-03
6.629999999999999782e-02,4.500000000000000111e-01,8.430292126250839031e-04
6.629999999999999782e-02,4.500000000000000111e-01,3.372116850500333010e-03
6.435000000000000442e-02,5.250000000000000222e-01,-4.091171178915845898e-03
6.435000000000000442e-02,5.250000000000000222e-01,-1.636468471566337925e-03
6.435000000000000442e-02,5.250000000000000222e-01,8.182342357831699385e-04
6.435000000000000442e-02,5.250000000000000222e-01,3.272936943132676718e-03
6.240000000000000407e-02,6.000000000000000888e-01,-3.967196294706274232e-03
6.240000000000000407e-02,6.000000000000000888e-01,-1.586878517882509346e-03
6.240000000000000407e-02,6.000000000000000888e-01,7.934392589412555402e-04
6.240000000000000407e-02,6.000000000000000888e-01,3.173757035765019559e-03
6.045000000000000373e-02,6.750000000000000444e-01,-3.843221410496702999e-03
6.045000000000000373e-02,6.750000000000000444e-01,-1.537288564198680766e-03
6.045000000000000373e-02,6.750000000000000444e-01,7.686442820993412504e-04
6.045000000000000373e-02,6.750000000000000444e-01,3.074577128397362399e-03
5.849999999999999645e-02,7.500000000000000000e-01,-3.719246526287131767e-03
5.849999999999999645e-02,7.500000000000000000e-01,-1.487698610514852403e-03
5.849999999999999645e-02,7.500000000000000000e-01,7.438493052574269605e-04
5.849999999999999645e-02,7.500000000000000000e-01,2.975397221029705674e-03
5.654999999999999610e-02,8.250000000000000666e-01,-3.595271642077560968e-03
5.654999999999999610e-02,8.250000000000000666e-01,-1.438108656831024040e-03
5.654999999999999610e-02,8.250000000000000666e-01,7.190543284155127791e-04
5.654999999999999610e-02,8.250000000000000666e-01,2.876217313662048948e-03
5.459999999999999576e-02,9.000000000000000222e-01,-3.471296757867989736e-03
5.459999999999999576e-02,9.000000000000000222e-01,-1.388518703147195677e-03
5.459999999999999576e-02,9.000000000000000222e-01,6.942593515735985977e-04
5.459999999999999576e-02,9.000000000000000222e-01,2.777037406294391789e-03
5.264999999999999541e-02,9.750000000000000888e-01,-3.347321873658418503e-03
5.264999999999999541e-02,9.750000000000000888e-01,-1.338928749463367098e-03
5.264999999999999541e-02,9.750000000000000888e-01,6.694643747316843078e-04
5.264999999999999541e-02,9.750000000000000888e-01,2.677857498926735063e-03
8.399999999999999134e-02,0.000000000000000000e+00,-4.396688055213623762e-03
8.399999999999999134e-02,0.000000000000000000e+00,-1.758675222085449115e-03
8.399999999999999134e-02,0.000000000000000000e+00,8.793376110427255331e-04
8.399999999999999134e-02,0.000000000000000000e+00,3.517350444170899097e-03
8.189999999999998670e-02,7.500000000000001110e-02,-4.286770853833283233e-03
8.189999999999998670e-02,7.500000000000001110e-02,-1.714708341533312816e-03
8.189999999999998670e-02,7.500000000000001110e-02,8.573541707666573839e-04
8.189999999999998670e-02,7.500000000000001110e-02,3.429416683066626934e-03
7.979999999999998206e-02,1.500000000000000222e-01,-4.176853652452942704e-03
7.979999999999998206e-02,1.500000000000000222e-01,-1.670741460981176735e-03
7.979999999999998206e-02,1.500000000000000222e-01,8.353707304905892347e-04
7.979999999999998206e-02,1.500000000000000222e-01,3.341482921962354337e-03
7.769999999999999130e-02,2.250000000000000056e-01,-4.066936451072602175e-03
7.769999999999999130e-02,2.250000000000000056e-01,-1.626774580429040436e-03
7.769999999999999130e-02,2.250000000000000056e-01,8.133872902145211940e-04
7.769999999999999130e-02,2.250000000000000056e-01,3.253549160858081740e-03
7.560000000000000053e-02,3.000000000000000444e-01,-3.957019249692261646e-03
7.560000000000000053e-02,3.000000000000000444e-01,-1.582807699876904355e-03
7.560000000000000053e-02,3.000000000000000444e-01,7.914038499384530448e-04
7.560000000000000053e-02,3.000000000000000444e-01,3.165615399753809577e-03
7.349999999999999589e-02,3.750000000000000000e-01,-3.847102048311921117e-03
7.349999999999999589e-02,3.750000000000000000e-01,-1.538840819324768057e-03
7.349999999999999589e-02,3.750000000000000000e-01,7.694204096623848957e-04
7.349999999999999589e-02,3.750000000000000000e-01,3.077681638649536981e-03
7.139999999999999125e-02,4.500000000000000111e-01,-3.737184846931580155e-03
7.139999999999999125e-02,4.500000000000000111e-01,-1.494873938772631758e-03
7.139999999999999125e-02,4.500000000000000111e-01,7.474369693863167465e-04
7.139999999999999125e-02,4.500000000000000111e-01,2.989747877545264384e-03
6.930000000000000049e-02,5.250000000000000222e-01,-3.627267645551240059e-03
6.930000000000000049e-02,5.250000000000000222e-01,-1.450907058220495677e-03
6.930000000000000049e-02,5.250000000000000222e-01,7.254535291102487057e-04
6.930000000000000049e-02,5.250000000000000222e-01,2.901814116440992221e-03
6.719999999999999585e-02,6.000000000000000888e-01,-3.517350444170899530e-03
6.719999999999999585e-02,6.000000000000000888e-01,-1.406940177668359595e-03
6.719999999999999585e-02,6.000000000000000888e-01,7.034700888341805566e-04
6.719999999999999585e-02,6.000000000000000888e-01,2.813880355336719624e-03
6.509999999999999121e-02,6.750000000000000444e-01,-3.407433242790558568e-03
6.509999999999999121e-02,6.750000000000000444e-01,-1.362973297116223080e-03
6.509999999999999121e-02,6.750000000000000444e-01,6.814866485581122990e-04
6.509999999999999121e-02,6.750000000000000444e-01,2.725946594232447028e-03
6.300000000000000044e-02,7.500000000000000000e-01,-3.297516041410218039e-03
6.300000000000000044e-02,7.500000000000000000e-01,-1.319006416564086999e-03
6.300000000000000044e-02,7.500000000000000000e-01,6.595032082820441498e-04
6.300000000000000044e-02,7.500000000000000000e-01,2.638012833128174431e-03
6.089999999999998886e-02,8.250000000000000666e-01,-3.187598840029877510e-03
6.089999999999998886e-02,8.250000000000000666e-01,-1.275039536011950700e-03
6.089999999999998886e-02,8.250000000000000666e-01,6.375197680059761091e-04
6.089999999999998886e-02,8.250000000000000666e-01,2.550079072023902268e-03
5.879999999999999116e-02,9.000000000000000222e-01,-3.077681638649536547e-03
5.879999999999999116e-02,9.000000000000000222e-01,-1.231072655459814402e-03
5.879999999999999116e-02,9.000000000000000222e-01,6.155363277299078515e-04
5.879999999999999116e-02,9.000000000000000222e-01,2.462145310919629237e-03
5.669999999999998652e-02,9.750000000000000888e-01,-2.967764437269196018e-03
5.669999999999998652e-02,9.750000000000000888e-01,-1.187105774907678104e-03
5.669999999999998652e-02,9.750000000000000888e-01,5.935528874538397023e-04
5.669999999999998652e-02,9.750000000000000888e-01,2.374211549815357074e-03
8.999999999999999667e-02,0.000000000000000000e+00,-3.792367476619187740e-03
8.999999999999999667e-02,0.000000000000000000e+00,-1.516946990647674706e-03
8.999999999999999667e-02,0.000000000000000000e+00,7.584734953238382203e-04
8.999999999999999667e-02,0.000000000000000000e+00,3.033893981295350279e-03
8.774999999999999467e-02,7.500000000000001110e-02,-3.697558289703707732e-03
8.774999999999999467e-02,7.500000000000001110e-02,-1.479023315881482746e-03
8.774999999999999467e-02,7.500000000000001110e-02,7.395116579407422404e-04
8.774999999999999467e-02,7.500000000000001110e-02,2.958046631762966359e-03
8.549999999999999267e-02,1.500000000000000222e-01,-3.602749102788228158e-03
8.549999999999999267e-02,1.500000000000000222e-01,-1.441099641115291003e-03
8.549999999999999267e-02,1.500000000000000222e-01,7.205498205576462605e-04
8.549999999999999267e-02,1.500000000000000222e-01,2.882199282230582874e-03
8.325000000000000455e-02,2.250000000000000056e-01,-3.507939915872748584e-03
8.325000000000000455e-02,2.250000000000000056e-01,-1.403175966349099043e-03
8.325000000000000455e-02,2.250000000000000056e-01,7.015879831745503890e-04
8.325000000000000455e-02,2.250000000000000056e-01,2.806351932698198954e-03
8.100000000000000255e-02,3.000000000000000444e-01,-3.413130728957269010e-03
8.100000000000000255e-02,3.000000000000000444e-01,-1.365252291582907300e-03
8.100000000000000255e-02,3.000000000000000444e-01,6.826261457914544091e-04
8.100000000000000255e-02,3.000000000000000444e-01,2.730504583165815468e-03
7.875000000000000056e-02,3.750000000000000000e-01,-3.318321542041789435e-03
7.875000000000000056e-02,3.750000000000000000e-01,-1.327328616816715557e-03
7.875000000000000056e-02,3.750000000000000000e-01,6.636643084083584292e-04
7.875000000000000056e-02,3.750000000000000000e-01,2.654657233633431548e-03
7.649999999999999856e-02,4.500000000000000111e-01,-3.223512355126309428e-03
7.649999999999999856e-02,4.500000000000000111e-01,-1.289404942050523381e-03
7.649999999999999856e-02,4.500000000000000111e-01,6.447024710252624493e-04
7.649999999999999856e-02,4.500000000000000111e-01,2.578809884101047629e-03
7.425000000000001044e-02,5.250000000000000222e-01,-3.128703168210830287e-03
7.425000000000001044e-02,5.250000000000000222e-01,-1.251481267284331855e-03
7.425000000000001044e-02,5.250000000000000222e-01,6.257406336421665778e-04
7.425000000000001044e-02,5.250000000000000222e-01,2.502962534568664577e-03
7.200000000000000844e-02,6.000000000000000888e-01,-3.033893981295350279e-03
7.200000000000000844e-02,6.000000000000000888e-01,-1.213557592518139895e-03
7.200000000000000844e-02,6.000000000000000888e-01,6.067787962590705979e-04
7.200000000000000844e-02,6.000000000000000888e-01,2.427115185036280223e-03
6.975000000000000644e-02,6.750000000000000444e-01,-2.939084794379870705e-03
6.975000000000000644e-02,6.750000000000000444e-01,-1.175633917751947935e-03
6.975000000000000644e-02,6.750000000000000444e-01,5.878169588759746180e-04
6.975000000000000644e-02,6.750000000000000444e-01,2.351267835503896737e-03
6.750000000000000444e-02,7.500000000000000000e-01,-2.844275607464390697e-03
6.750000000000000444e-02,7.500000000000000000e-01,-1.137710242985755975e-03
6.750000000000000444e-02,7.500000000000000000e-01,5.688551214928786381e-04
6.750000000000000444e-02,7.500000000000000000e-01,2.275420485971512818e-03
6.525000000000000244e-02,8.250000000000000666e-01,-2.749466420548911123e-03
6.525000000000000244e-02,8.250000000000000666e-01,-1.099786568219564232e-03
6.525000000000000244e-02,8.250000000000000666e-01,5.498932841097827666e-04
6.525000000000000244e-02,8.250000000000000666e-01,2.199573136439128898e-03
6.300000000000000044e-02,9.000000000000000222e-01,-2.654657233633431115e-03
6.300000000000000044e-02,9.000000000000000222e-01,-1.061862893453372272e-03
6.300000000000000044e-02,9.000000000000000222e-01,5.309314467266866783e-04
6.300000000000000044e-02,9.000000000000000222e-01,2.123725786906744979e-03
6.074999999999999151e-02,9.750000000000000888e-01,-2.559848046717951540e-03
6.074999999999999151e-02,9.750000000000000888e-01,-1.023939218687180313e-03
6.074999999999999151e-02,9.750000000000000888e-01,5.119696093435908068e-04
6.074999999999999151e-02,9.750000000000000888e-01,2.047878437374361493e-03
9.600000000000000200e-02,0.000000000000000000e+00,-3.147741576567000647e-03
9.600000000000000200e-02,0.000000000000000000e+00,-1.259096630626800042e-03
9.600000000000000200e-02,0.000000000000000000e+00,6.295483153134006716e-04
9.600000000000000200e-02,0.000000000000000000e+00,2.518193261253600518e-03
9.360000000000000264e-02,7.500000000000001110e-02,-3.069048037152825523e-03
9.360000000000000264e-02,7.500000000000001110e-02,-1.227619214861129862e-03
9.360000000000000264e-02,7.500000000000001110e-02,6.138096074305656900e-04
9.360000000000000264e-02,7.500000000000001110e-02,2.455238429722260592e-03
9.120000000000000329e-02,1.500000000000000222e-01,-2.990354497738650398e-03
9.120000000000000329e-02,1.500000000000000222e-01,-1.196141799095459899e-03
9.120000000000000329e-02,1.500000000000000222e-01,5.980708995477306000e-04
9.120000000000000329e-02,1.500000000000000222e-01,2.392283598190920665e-03
8.880000000000000393e-02,2.250000000000000056e-01,-2.911660958324475707e-03
8.880000000000000393e-02,2.250000000000000056e-01,-1.164664383329789936e-03
8.880000000000000393e-02,2.250000000000000056e-01,5.823321916648956185e-04
8.880000000000000393e-02,2.250000000000000056e-01,2.329328766659580739e-03
8.640000000000000457e-02,3.000000000000000444e-01,-2.832967418910300583e-03
8.640000000000000457e-02,3.000000000000000444e-01,-1.133186967564119973e-03
8.640000000000000457e-02,3.000000000000000444e-01,5.665934837820606369e-04
8.640000000000000457e-02,3.000000000000000444e-01,2.266373935128240379e-03
8.400000000000000522e-02,3.750000000000000000e-01,-2.754273879496125458e-03
8.400000000000000522e-02,3.750000000000000000e-01,-1.101709551798450010e-03
8.400000000000000522e-02,3.750000000000000000e-01,5.508547758992255470e-04
8.400000000000000522e-02,3.750000000000000000e-01,2.203419103596900453e-03
8.160000000000000586e-02,4.500000000000000111e-01,-2.675580340081950333e-03
8.160000000000000586e-02,4.500000000000000111e-01,-1.070232136032779830e-03
8.160000000000000586e-02,4.500000000000000111e-01,5.351160680163905654e-04
8.160000000000000586e-02,4.500000000000000111e-01,2.140464272065560527e-03
7.920000000000000651e-02,5.250000000000000222e-01,-2.596886800667775642e-03
7.920000000000000651e-02,5.250000000000000222e-01,-1.038754720267110083e-03
7.920000000000000651e-02,5.250000000000000222e-01,5.193773601335555839e-04
7.920000000000000651e-02,5.250000000000000222e-01,2.077509440534220601e-03
7.680000000000000715e-02,6.000000000000000888e-01,-2.518193261253600518e-03
7.680000000000000715e-02,6.000000000000000888e-01,-1.007277304501439904e-03
7.680000000000000715e-02,6.000000000000000888e-01,5.036386522507206023e-04
7.680000000000000715e-02,6.000000000000000888e-01,2.014554609002880674e-03
7.440000000000000779e-02,6.750000000000000444e-01,-2.439499721839425393e-03
7.440000000000000779e-02,6.750000000000000444e-01,-9.757998887357699404e-04
7.440000000000000779e-02,6.750000000000000444e-01,4.878999443678855123e-04
7.440000000000000779e-02,6.750000000000000444e-01,1.951599777471540315e-03
7.199999999999999456e-02,7.500000000000000000e-01,-2.360806182425250269e-03
7.199999999999999456e-02,7.500000000000000000e-01,-9.443224729700998689e-04
7.199999999999999456e-02,7.500000000000000000e-01,4.721612364850504766e-04
7.199999999999999456e-02,7.500000000000000000e-01,1.888644945940200388e-03
6.959999999999999520e-02,8.250000000000000666e-01,-2.282112643011075144e-03
6.959999999999999520e-02,8.250000000000000666e-01,-9.128450572044299058e-04
6.959999999999999520e-02,8.250000000000000666e-01,4.564225286022154408e-04
6.959999999999999520e-02,8.250000000000000666e-01,1.825690114408860245e-03
6.719999999999999585e-02,9.000000000000000222e-01,-2.203419103596900453e-03
6.719999999999999585e-02,9.000000000000000222e-01,-8.813676414387599427e-04
6.719999999999999585e-02,9.000000000000000222e-01,4.406838207193804592e-04
6.719999999999999585e-02,9.000000000000000222e-01,1.762735282877520536e-03
6.479999999999999649e-02,9.750000000000000888e-01,-2.124725564182725328e-03
6.479999999999999649e-02,9.750000000000000888e-01,-8.498902256730899796e-04
6.479999999999999649e-02,9.750000000000000888e-01,4.249451128365454235e-04
6.479999999999999649e-02,9.750000000000000888e-01,1.699780451346180393e-03
1.019999999999999934e-01,0.000000000000000000e+00,-2.463075220465859444e-03
1.019999999999999934e-01,0.000000000000000000e+00,-9.852300881863435607e-04
1.019999999999999934e-01,0.000000000000000000e+00,4.926150440931723225e-04
1.019999999999999934e-01,0.000000000000000000e+00,1.970460176372687555e-03
9.944999999999999674e-02,7.500000000000001110e-02,-2.401498339954212958e-03
9.944999999999999674e-02,7.500000000000001110e-02,-9.605993359816849880e-04
9.944999999999999674e-02,7.500000000000001110e-02,4.802996679908430361e-04
9.944999999999999674e-02,7.500000000000001110e-02,1.921198671963370410e-03
9.689999999999998614e-02,1.500000000000000222e-01,-2.339921459442566472e-03
9.689999999999998614e-02,1.500000000000000222e-01,-9.359685837770264152e-04
9.689999999999998614e-02,1.500000000000000222e-01,4.679842918885136955e-04
9.689999999999998614e-02,1.500000000000000222e-01,1.871937167554053264e-03
9.435000000000000331e-02,2.250000000000000056e-01,-2.278344578930919986e-03
9.435000000000000331e-02,2.250000000000000056e-01,-9.113378315723678425e-04
9.435000000000000331e-02,2.250000000000000056e-01,4.556689157861844091e-04
9.435000000000000331e-02,2.250000000000000056e-01,1.822675663144736119e-03
9.179999999999999272e-02,3.000000000000000444e-01,-2.216767698419273500e-03
9.179999999999999272e-02,3.000000000000000444e-01,-8.867070793677091613e-04
9.179999999999999272e-02,3.000000000000000444e-01,4.433535396838550685e-04
9.179999999999999272e-02,3.000000000000000444e-01,1.773414158735418973e-03
8.924999999999999600e-02,3.750000000000000000e-01,-2.155190817907627013e-03
8.924999999999999600e-02,3.750000000000000000e-01,-8.620763271630505886e-04
8.924999999999999600e-02,3.750000000000000000e-01,4.310381635815257822e-04
8.924999999999999600e-02,3.750000000000000000e-01,1.724152654326101611e-03
8.669999999999998541e-02,4.500000000000000111e-01,-2.093613937395980527e-03
8.669999999999998541e-02,4.500000000000000111e-01,-8.374455749583920158e-04
8.669999999999998541e-02,4.500000000000000111e-01,4.187227874791964958e-04
8.669999999999998541e-02,4.500000000000000111e-01,1.674891149916784465e-03
8.415000000000000258e-02,5.250000000000000222e-01,-2.032037056884334041e-03
8.415000000000000258e-02,5.250000000000000222e-01,-8.128148227537334430e-04
8.415000000000000258e-02,5.250000000000000222e-01,4.064074113768671552e-04
8.415000000000000258e-02,5.250000000000000222e-01,1.625629645507467320e-03
8.160000000000000586e-02,6.000000000000000888e-01,-1.970460176372687555e-03
8.160000000000000586e-02,6.000000000000000888e-01,-7.881840705490748703e-04
8.160000000000000586e-02,6.000000000000000888e-01,3.940920352745378688e-04
8.160000000000000586e-02,6.000000000000000888e-01,1.576368141098150174e-03
7.904999999999999527e-02,6.750000000000000444e-01,-1.908883295861041069e-03
7.904999999999999527e-02,6.750000000000000444e-01,-7.635533183444162975e-04
7.904999999999999527e-02,6.750000000000000444e-01,3.817766591722085282e-04
7.904999999999999527e-02,6.750000000000000444e-01,1.527106636688833029e-03
7.649999999999999856e-02,7.500000000000000000e-01,-1.847306415349394583e-03
7.649999999999999856e-02,7.500000000000000000e-01,-7.389225661397576164e-04
7.649999999999999856e-02,7.500000000000000000e-01,3.694612830698792419e-04
7.649999999999999856e-02,7.500000000000000000e-01,1.477845132279515666e-03
7.394999999999998797e-02,8.250000000000000666e-01,-1.785729534837748097e-03
7.394999999999998797e-02,8.250000000000000666e-01,-7.142918139350990436e-04
7.394999999999998797e-02,8.250000000000000666e-01,3.571459069675499555e-04
7.394999999999998797e-02,8.250000000000000666e-01,1.428583627870198521e-03
7.139999999999999125e-02,9.000000000000000222e-01,-1.724152654326101611e-03
7.139999999999999125e-02,9.000000000000000222e-01,-6.896610617304404708e-04
7.139999999999999125e-02,9.000000000000000222e-01,3.448305308652206149e-04
7.139999999999999125e-02,9.000000000000000222e-01,1.379322123460881375e-03
6.884999999999999454e-02,9.750000000000000888e-01,-1.662575773814454908e-03
6.884999999999999454e-02,9.750000000000000888e-01,-6.650303095257817897e-04
6.884999999999999454e-02,9.750000000000000888e-01,3.325151547628912743e-04
6.884999999999999454e-02,9.750000000000000888e-01,1.330060619051564013e-03
1.079999999999999988e-01,0.000000000000000000e+00,-1.737260725766218194e-03
1.079999999999999988e-01,0.000000000000000000e+00,-6.949042903064871690e-04
1.079999999999999988e-01,0.000000000000000000e+00,3.474521451532439640e-04
1.079999999999999988e-01,0.000000000000000000e+00,1.389808580612974555e-03
1.052999999999999908e-01,7.500000000000001110e-02,-1.693829207622062766e-03
1.052999999999999908e-01,7.500000000000001110e-02,-6.775316830488249545e-04
1.052999999999999908e-01,7.500000000000001110e-02,3.387658415244128567e-04
1.052999999999999908e-01,7.500000000000001110e-02,1.355063366097650343e-03
1.025999999999999968e-01,1.500000000000000222e-01,-1.650397689477907338e-03
1.025999999999999968e-01,1.500000000000000222e-01,-6.601590757911627401e-04
1.025999999999999968e-01,1.500000000000000222e-01,3.300795378955817495e-04
1.025999999999999968e-01,1.500000000000000222e-01,1.320318151582325914e-03
9.990000000000000269e-02,2.250000000000000056e-01,-1.606966171333751910e-03
9.990000000000000269e-02,2.250000000000000056e-01,-6.427864685335006340e-04
9.990000000000000269e-02,2.250000000000000056e-01,3.213932342667506423e-04
9.990000000000000269e-02,2.250000000000000056e-01,1.285572937067001702e-03
9.719999999999999474e-02,3.000000000000000444e-01,-1.563534653189596483e-03
9.719999999999999474e-02,3.000000000000000444e-01,-6.254138612758384196e-04
9.719999999999999474e-02,3.000000000000000444e-01,3.127069306379195892e-04
9.719999999999999474e-02,3.000000000000000444e-01,1.250827722551677273e-03
9.450000000000000067e-02,3.750000000000000000e-01,-1.520103135045441055e-03
9.450000000000000067e-02,3.750000000000000000e-01,-6.080412540181763135e-04
9.450000000000000067e-02,3.750000000000000000e-01,3.040206270090884820e-04
9.450000000000000067e-02,3.750000000000000000e-01,1.216082508036352844e-03
9.179999999999999272e-02,4.500000000000000111e-01,-1.476671616901285410e-03
9.179999999999999272e-02,4.500000000000000111e-01,-5.906686467605139906e-04
9.179999999999999272e-02,4.500000000000000111e-01,2.953343233802573206e-04
9.179999999999999272e-02,4.500000000000000111e-01,1.181337293521028415e-03
8.910000000000001252e-02,5.250000000000000222e-01,-1.433240098757130199e-03
8.910000000000001252e-02,5.250000000000000222e-01,-5.732960395028519930e-04
8.910000000000001252e-02,5.250000000000000222e-01,2.866480197514262676e-04
8.910000000000001252e-02,5.250000000000000222e-01,1.146592079005704203e-03
8.640000000000000457e-02,6.000000000000000888e-01,-1.389808580612974555e-03
8.640000000000000457e-02,6.000000000000000888e-01,-5.559234322451896701e-04
8.640000000000000457e-02,6.000000000000000888e-01,2.779617161225951603e-04
8.640000000000000457e-02,6.000000000000000888e-01,1.111846864490379774e-03
8.369999999999999662e-02,6.750000000000000444e-01,-1.346377062468819127e-03
8.369999999999999662e-02,6.750000000000000444e-01,-5.385508249875275641e-04
8.369999999999999662e-02,6.750000000000000444e-01,2.692754124937640531e-04
8.369999999999999662e-02,6.750000000000000444e-01,1.077101649975055345e-03
8.100000000000000255e-02,7.500000000000000000e-01,-1.302945544324663699e-03
8.100000000000000255e-02,7.500000000000000000e-01,-5.211782177298653496e-04
8.100000000000000255e-02,7.500000000000000000e-01,2.605891088649329459e-04
8.100000000000000255e-02,7.500000000000000000e-01,1.042356435459730916e-03
7.829999999999999460e-02,8.250000000000000666e-01,-1.259514026180508272e-03
7.829999999999999460e-02,8.250000000000000666e-01,-5.038056104722032436e-04
7.829999999999999460e-02,8.250000000000000666e-01,2.519028052361018928e-04
7.829999999999999460e-02,8.250000000000000666e-01,1.007611220944406704e-03
7.560000000000000053e-02,9.000000000000000222e-01,-1.216082508036352627e-03
7.560000000000000053e-02,9.000000000000000222e-01,-4.864330032145409207e-04
7.560000000000000053e-02,9.000000000000000222e-01,2.432165016072707314e-04
7.560000000000000053e-02,9.000000000000000222e-01,9.728660064290821667e-04
7.289999999999999258e-02,9.750000000000000888e-01,-1.172650989892197199e-03
7.289999999999999258e-02,9.750000000000000888e-01,-4.690603959568787605e-04
7.289999999999999258e-02,9.750000000000000888e-01,2.345301979784396513e-04
7.289999999999999258e-02,9.750000000000000888e-01,9.381207919137578462e-04
1.139999999999999902e-01,0.000000000000000000e+00,-9.678709600112222252e-04
1.139999999999999902e-01,0.000000000000000000e+00,-3.871483840044888250e-04
1.139999999999999902e-01,0.000000000000000000e+00,1.935741920022446294e-04
1.139999999999999902e-01,0.000000000000000000e+00,7.742967680089778669e-04
1.111499999999999849e-01,7.500000000000001110e-02,-9.436741860109417075e-04
1.111499999999999849e-01,7.500000000000001110e-02,-3.774696744043765963e-04
1.111499999999999849e-01,7.500000000000001110e-02,1.887348372021885150e-04
1.111499999999999849e-01,7.500000000000001110e-02,7.549393488087534094e-04
1.082999999999999796e-01,1.500000000000000222e-01,-9.194774120106610814e-04
1.082999999999999796e-01,1.500000000000000222e-01,-3.677909648042643675e-04
1.082999999999999796e-01,1.500000000000000222e-01,1.838954824021323735e-04
1.082999999999999796e-01,1.500000000000000222e-01,7.355819296085289519e-04
1.054500000000000021e-01,2.250000000000000056e-01,-8.952806380103806722e-04
1.054500000000000021e-01,2.250000000000000056e-01,-3.581122552041521930e-04
1.054500000000000021e-01,2.250000000000000056e-01,1.790561276020762862e-04
1.054500000000000021e-01,2.250000000000000056e-01,7.162245104083046028e-04
1.025999999999999968e-01,3.000000000000000444e-01,-8.710838640101000461e-04
1.025999999999999968e-01,3.000000000000000444e-01,-3.484335456040399642e-04
1.025999999999999968e-01,3.000000000000000444e-01,1.742167728020201718e-04
1.025999999999999968e-01,3.000000000000000444e-01,6.968670912080800368e-04
9.974999999999999145e-02,3.750000000000000000e-01,-8.468870900098195284e-04
9.974999999999999145e-02,3.750000000000000000e-01,-3.387548360039277355e-04
9.974999999999999145e-02,3.750000000000000000e-01,1.693774180019640575e-04
9.974999999999999145e-02,3.750000000000000000e-01,6.775096720078556877e-04
9.689999999999998614e-02,4.500000000000000111e-01,-8.226903160095389023e-04
9.689999999999998614e-02,4.500000000000000111e-01,-3.290761264038155067e-04
9.689999999999998614e-02,4.500000000000000111e-01,1.645380632019079160e-04
9.689999999999998614e-02,4.500000000000000111e-01,6.581522528076311218e-04
9.404999999999999472e-02,5.250000000000000222e-01,-7.984935420092583846e-04
9.404999999999999472e-02,5.250000000000000222e-01,-3.193974168037032779e-04
9.404999999999999472e-02,5.250000000000000222e-01,1.596987084018518287e-04
9.404999999999999472e-02,5.250000000000000222e-01,6.387948336074067727e-04
9.120000000000000329e-02,6.000000000000000888e-01,-7.742967680089778669e-04
9.120000000000000329e-02,6.000000000000000888e-01,-3.097187072035911034e-04
9.120000000000000329e-02,6.000000000000000888e-01,1.548593536017957143e-04
9.120000000000000329e-02,6.000000000000000888e-01,6.194374144071823152e-04
8.834999999999999798e-02,6.750000000000000444e-01,-7.500999940086972408e-04
8.834999999999999798e-02,6.750000000000000444e-01,-3.000399976034788204e-04
8.834999999999999798e-02,6.750000000000000444e-01,1.500199988017395728e-04
8.834999999999999798e-02,6.750000000000000444e-01,6.000799952069578577e-04
8.549999999999999267e-02,7.500000000000000000e-01,-7.259032200084167231e-04
8.549999999999999267e-02,7.500000000000000000e-01,-2.903612880033666459e-04
8.549999999999999267e-02,7.500000000000000000e-01,1.451806440016834856e-04
8.549999999999999267e-02,7.500000000000000000e-01,5.807225760067334002e-04
8.264999999999998737e-02,8.250000000000000666e-01,-7.017064460081360970e-04
8.264999999999998737e-02,8.250000000000000666e-01,-2.806825784032543629e-04
8.264999999999998737e-02,8.250000000000000666e-01,1.403412892016273441e-04
8.264999999999998737e-02,8.250000000000000666e-01,5.613651568065089427e-04
7.979999999999998206e-02,9.000000000000000222e-01,-6.775096720078555793e-04
7.979999999999998206e-02,9.000000000000000222e-01,-2.710038688031421884e-04
7.979999999999998206e-02,9.000000000000000222e-01,1.355019344015712297e-04
7.979999999999998206e-02,9.000000000000000222e-01,5.420077376062844851e-04
7.694999999999999063e-02,9.750000000000000888e-01,-6.533128980075749532e-04
7.694999999999999063e-02,9.750000000000000888e-01,-2.613251592030299054e-04
7.694999999999999063e-02,9.750000000000000888e-01,1.306625796015151153e-04
7.694999999999999063e-02,9.750000000000000888e-01,5.226503184060600276e-04
1.199999999999999956e-01,0.000000000000000000e+00,-1.511999999999973326e-04
1.199999999999999956e-01,0.000000000000000000e+00,-6.047999999999891950e-05
1.199999999999999956e-01,0.000000000000000000e+00,3.023999999999949363e-05
1.199999999999999956e-01,0.000000000000000000e+00,1.209599999999978661e-04
1.169999999999999929e-01,7.500000000000001110e-02,-1.474199999999973925e-04
1.169999999999999929e-01,7.500000000000001110e-02,-5.896799999999894482e-05
1.169999999999999929e-01,7.500000000000001110e-02,2.948399999999950629e-05
1.169999999999999929e-01,7.500000000000001110e-02,1.179359999999979167e-04
1.139999999999999902e-01,1.500000000000000222e-01,-1.436399999999974524e-04
1.139999999999999902e-01,1.500000000000000222e-01,-5.745599999999897014e-05
1.139999999999999902e-01,1.500000000000000222e-01,2.872799999999951556e-05
1.139999999999999902e-01,1.500000000000000222e-01,1.149119999999979674e-04
1.110000000000000014e-01,2.250000000000000056e-01,-1.398599999999975395e-04
1.110000000000000014e-01,2.250000000000000056e-01,-5.594399999999900223e-05
1.110000000000000014e-01,2.250000000000000056e-01,2.797199999999953161e-05
1.110000000000000014e-01,2.250000000000000056e-01,1.118879999999980316e-04
1.079999999999999988e-01,3.000000000000000444e-01,-1.360799999999975994e-04
1.079999999999999988e-01,3.000000000000000444e-01,-5.443199999999902755e-05
1.079999999999999988e-01,3.000000000000000444e-01,2.721599999999954427e-05
1.079999999999999988e-01,3.000000000000000444e-01,1.088639999999980822e-04
1.049999999999999961e-01,3.750000000000000000e-01,-1.322999999999976593e-04
1.049999999999999961e-01,3.750000000000000000e-01,-5.291999999999905287e-05
1.049999999999999961e-01,3.750000000000000000e-01,2.645999999999955693e-05
1.049999999999999961e-01,3.750000000000000000e-01,1.058399999999981328e-04
1.019999999999999934e-01,4.500000000000000111e-01,-1.285199999999977192e-04
1.019999999999999934e-01,4.500000000000000111e-01,-5.140799999999907819e-05
1.019999999999999934e-01,4.500000000000000111e-01,2.570399999999956620e-05
1.019999999999999934e-01,4.500000000000000111e-01,1.028159999999981835e-04
9.900000000000000466e-02,5.250000000000000222e-01,-1.247399999999978062e-04
9.900000000000000466e-02,5.250000000000000222e-01,-4.989599999999911028e-05
9.900000000000000466e-02,5.250000000000000222e-01,2.494799999999958225e-05
9.900000000000000466e-02,5.250000000000000222e-01,9.979199999999824767e-05
9.600000000000000200e-02,6.000000000000000888e-01,-1.209599999999978661e-04
9.600000000000000200e-02,6.000000000000000888e-01,-4.838399999999913560e-05
9.600000000000000200e-02,6.000000000000000888e-01,2.419199999999959490e-05
9.600000000000000200e-02,6.000000000000000888e-01,9.676799999999829830e-05
9.299999999999999933e-02,6.750000000000000444e-01,-1.171799999999979260e-04
9.299999999999999933e-02,6.750000000000000444e-01,-4.687199999999916092e-05
9.299999999999999933e-02,6.750000000000000444e-01,2.343599999999960756e-05
9.299999999999999933e-02,6.750000000000000444e-01,9.374399999999834894e-05
8.999999999999999667e-02,7.500000000000000000e-01,-1.133999999999979859e-04
8.999999999999999667e-02,7.500000000000000000e-01,-4.535999999999918624e-05
8.999999999999999667e-02,7.500000000000000000e-01,2.267999999999961683e-05
8.999999999999999667e-02,7.500000000000000000e-01,9.071999999999839958e-05
8.699999999999999400e-02,8.250000000000000666e-01,-1.096199999999980594e-04
8.699999999999999400e-02,8.250000000000000666e-01,-4.384799999999921155e-05
8.699999999999999400e-02,8.250000000000000666e-01,2.192399999999963288e-05
8.699999999999999400e-02,8.250000000000000666e-01,8.769599999999845021e-05
8.399999999999999134e-02,9.000000000000000222e-01,-1.058399999999981193e-04
8.399999999999999134e-02,9.000000000000000222e-01,-4.233599999999923687e-05
8.399999999999999134e-02,9.000000000000000222e-01,2.116799999999964215e-05
8.399999999999999134e-02,9.000000000000000222e-01,8.467199999999850085e-05
8.099999999999998868e-02,9.750000000000000888e-01,-1.020599999999981792e-04
8.099999999999998868e-02,9.750000000000000888e-01,-4.082399999999926219e-05
8.099999999999998868e-02,9.750000000000000888e-01,2.041199999999965481e-05
8.099999999999998868e-02,9.750000000000000888e-01,8.164799999999855149e-05
