step,n_forces,force_relax_used,force_residual,sample_fx,sample_fy,sample_fz
1,80,0.200000,0.000000e+00,0.000000e+00,0.000000e+00,0.000000e+00
2,80,0.200000,1.000000e+00,-2.293418e-27,0.000000e+00,3.186852e-15
3,80,0.200000,9.999971e-01,-5.195261e-22,4.850622e-16,7.212533e-10
4,80,0.200000,9.632321e-01,1.824064e-18,4.347820e-15,3.810046e-09
5,80,0.200000,9.190385e-01,5.911050e-18,1.548531e-14,1.074023e-08
6,80,0.200000,8.709193e-01,-6.537451e-18,3.900866e-14,2.224158e-08
7,80,0.200000,8.229605e-01,-3.341260e-16,7.708073e-14,3.840221e-08
8,80,0.200000,7.762332e-01,-1.390910e-15,1.306087e-13,5.890814e-08
9,80,0.200000,7.275340e-01,-3.802345e-15,1.877149e-13,8.319759e-08
10,80,0.200000,6.722423e-01,-7.407813e-15,2.288631e-13,1.103290e-07
11,80,0.200000,6.060093e-01,-9.014234e-15,2.473731e-13,1.387444e-07
12,80,0.200000,5.267751e-01,-1.071871e-14,2.672439e-13,1.665194e-07
13,80,0.200000,4.369939e-01,-1.697830e-14,3.021686e-13,1.920323e-07
14,80,0.200000,3.422803e-01,-2.072126e-14,3.442506e-13,2.141836e-07
15,80,0.200000,2.484754e-01,-1.349616e-14,3.944454e-13,2.321549e-07
16,80,0.200000,1.661122e-01,1.246876e-15,4.605645e-13,2.454047e-07
17,80,0.200000,1.308119e-01,2.359269e-14,5.265272e-13,2.538468e-07
18,80,0.200000,1.685443e-01,4.993661e-14,5.644254e-13,2.576904e-07
19,80,0.200000,2.332019e-01,5.277441e-14,5.541398e-13,2.573203e-07
20,80,0.200000,2.976785e-01,5.032106e-14,4.964559e-13,2.522444e-07
21,80,0.200000,3.606789e-01,4.856778e-14,4.122817e-13,2.414920e-07
22,80,0.200000,4.230335e-01,3.921823e-14,3.193377e-13,2.245779e-07
23,80,0.200000,5.073090e-01,2.922289e-14,2.326287e-13,2.004834e-07
24,80,0.200000,6.215857e-01,2.207887e-14,1.739025e-13,1.682980e-07
25,80,0.200000,7.250921e-01,1.950220e-14,1.568470e-13,1.274652e-07
26,80,0.200000,7.641277e-01,1.956929e-14,1.884191e-13,7.807232e-08
27,80,0.200000,7.411404e-01,2.166408e-14,2.900579e-13,2.078705e-08
28,80,0.200000,6.896033e-01,3.140790e-14,5.030372e-13,-4.357445e-08
29,80,0.200000,6.338301e-01,3.353007e-14,8.751169e-13,-1.145079e-07
30,80,0.200000,5.843232e-01,3.075453e-14,1.454582e-12,-1.917855e-07
31,80,0.200000,5.442977e-01,3.534784e-14,2.302129e-12,-2.753793e-07
32,80,0.200000,5.154850e-01,5.554233e-14,3.480301e-12,-3.654486e-07
33,80,0.200000,4.989707e-01,5.515715e-14,5.004603e-12,-4.624267e-07
34,80,0.200000,4.920622e-01,9.119684e-14,6.835616e-12,-5.666278e-07
35,80,0.200000,4.882778e-01,2.062615e-13,8.954325e-12,-6.779208e-07
36,80,0.200000,4.820477e-01,3.784233e-13,1.139393e-11,-7.955693e-07
37,80,0.200000,4.717324e-01,6.458311e-13,1.419481e-11,-9.185275e-07
38,80,0.200000,4.586228e-01,1.018414e-12,1.738383e-11,-1.045700e-06
39,80,0.200000,4.459480e-01,1.107655e-12,2.102906e-11,-1.177050e-06
40,80,0.200000,4.351169e-01,1.168537e-12,2.521570e-11,-1.311451e-06
41,80,0.200000,4.284812e-01,1.154703e-12,2.999591e-11,-1.448029e-06
42,80,0.200000,4.279814e-01,8.441980e-13,3.534475e-11,-1.588789e-06
43,80,0.200000,4.282569e-01,2.488210e-13,4.102779e-11,-1.732446e-06
44,80,0.200000,4.281132e-01,-6.241556e-13,4.682242e-11,-1.877583e-06
45,80,0.200000,4.261511e-01,-1.642609e-12,5.256779e-11,-2.022904e-06
46,80,0.200000,4.214539e-01,-1.717402e-12,5.808193e-11,-2.166830e-06
47,80,0.200000,4.137033e-01,-2.013677e-12,6.320339e-11,-2.308310e-06
48,80,0.200000,4.034134e-01,-2.654864e-12,6.787984e-11,-2.446023e-06
49,80,0.200000,3.917364e-01,-1.958380e-12,7.216885e-11,-2.578091e-06
50,80,0.200000,3.797213e-01,-3.771718e-13,7.611093e-11,-2.703114e-06
51,80,0.200000,3.681434e-01,2.387931e-12,7.958014e-11,-2.820091e-06
52,80,0.200000,3.572594e-01,5.701837e-12,8.233032e-11,-2.928569e-06
53,80,0.200000,3.470669e-01,7.207313e-12,8.413590e-11,-3.028838e-06
54,80,0.200000,3.370383e-01,9.049500e-12,8.475538e-11,-3.120208e-06
55,80,0.200000,3.265057e-01,1.176685e-11,8.390066e-11,-3.201943e-06
56,80,0.200000,3.149034e-01,1.490806e-11,8.132540e-11,-3.273074e-06
57,80,0.200000,3.020824e-01,1.821979e-11,7.699851e-11,-3.332341e-06
58,80,0.200000,2.881302e-01,2.128291e-11,7.111223e-11,-3.378146e-06
59,80,0.200000,2.766240e-01,1.927356e-11,6.396439e-11,-3.413751e-06
60,80,0.200000,2.633590e-01,1.679001e-11,5.570283e-11,-3.436143e-06
61,80,0.200000,2.487519e-01,1.417631e-11,4.644880e-11,-3.442550e-06
62,80,0.200000,2.418411e-01,1.065035e-11,3.633416e-11,-3.437912e-06
63,80,0.200000,2.298237e-01,5.938627e-12,2.543370e-11,-3.418336e-06
64,80,0.200000,2.137320e-01,6.619978e-13,1.377277e-11,-3.380263e-06
65,80,0.200000,1.953216e-01,-5.041636e-12,1.439551e-12,-3.321564e-06
66,80,0.200000,1.755530e-01,-1.067023e-11,-1.125943e-11,-3.240679e-06
67,80,0.200000,1.550354e-01,-1.518733e-11,-2.379131e-11,-3.135963e-06
68,80,0.200000,1.342733e-01,-1.916612e-11,-3.553432e-11,-3.006368e-06
69,80,0.200000,1.145737e-01,-1.886456e-11,-4.578633e-11,-2.849583e-06
70,80,0.200000,9.791460e-02,-1.724668e-11,-5.388504e-11,-2.665047e-06
71,80,0.200000,8.874535e-02,-1.507503e-11,-5.920485e-11,-2.452451e-06
72,80,0.200000,9.208000e-02,-1.273975e-11,-6.124768e-11,-2.212178e-06
73,80,0.200000,1.099850e-01,-1.085970e-11,-5.965106e-11,-1.945378e-06
74,80,0.200000,1.406711e-01,-9.189262e-12,-5.408087e-11,-1.653326e-06
75,80,0.200000,1.831217e-01,-7.431243e-12,-4.410971e-11,-1.336299e-06
76,80,0.200000,2.386119e-01,-5.601098e-12,-2.933904e-11,-9.950152e-07
77,80,0.200000,3.108075e-01,-3.541648e-12,-9.390206e-12,-6.299124e-07
78,80,0.200000,4.072771e-01,-9.501738e-13,1.604604e-11,-2.412357e-07
79,80,0.200000,5.130625e-01,2.903231e-12,4.705623e-11,1.701210e-07
80,80,0.200000,6.630109e-01,7.202096e-12,8.364352e-11,6.046710e-07
81,80,0.200000,8.757018e-01,1.221985e-11,1.255627e-10,1.062010e-06
82,80,0.200000,1.052524e+00,1.116000e-11,1.728921e-10,1.545291e-06
83,80,0.200000,1.244307e+00,9.394181e-12,2.249964e-10,2.050794e-06
84,80,0.200000,1.357506e+00,7.617753e-12,2.811546e-10,2.574522e-06
85,80,0.200000,1.309744e+00,5.860480e-12,3.406555e-10,3.113097e-06
86,80,0.200000,1.164016e+00,7.633337e-12,4.027535e-10,3.663239e-06
87,80,0.200000,1.009216e+00,8.535031e-12,4.667059e-10,4.223141e-06
88,80,0.200000,8.784063e-01,8.906857e-12,5.314293e-10,4.791201e-06
89,80,0.200000,7.740073e-01,1.464292e-11,5.954005e-10,5.365536e-06
90,80,0.200000,6.907699e-01,2.512646e-11,6.568920e-10,5.944263e-06
91,80,0.200000,6.231259e-01,4.141264e-11,7.141776e-10,6.525206e-06
92,80,0.200000,5.669129e-01,6.075193e-11,7.656311e-10,7.105968e-06
93,80,0.200000,5.189741e-01,7.042203e-11,8.098298e-10,7.684409e-06
94,80,0.200000,4.774728e-01,7.998235e-11,8.455401e-10,8.256968e-06
95,80,0.200000,4.409648e-01,1.005041e-10,8.718462e-10,8.819045e-06
96,80,0.200000,4.084324e-01,1.244351e-10,8.881053e-10,9.367068e-06
97,80,0.200000,3.791920e-01,1.520875e-10,8.935369e-10,9.898150e-06
98,80,0.200000,3.526506e-01,1.826257e-10,8.870313e-10,1.040913e-05
99,80,0.200000,3.312924e-01,1.573054e-10,8.682841e-10,1.091231e-05
100,80,0.200000,3.106931e-01,1.268833e-10,8.357143e-10,1.140110e-05
101,80,0.200000,2.902867e-01,9.534481e-11,7.878448e-10,1.186635e-05
102,80,0.200000,2.791406e-01,6.187172e-11,7.246107e-10,1.232698e-05
103,80,0.200000,2.630645e-01,8.206879e-12,6.452933e-10,1.276760e-05
104,80,0.200000,2.428201e-01,-7.158021e-11,5.503948e-10,1.317325e-05
105,80,0.200000,2.205658e-01,-1.654650e-10,4.414439e-10,1.353233e-05
106,80,0.200000,1.978150e-01,-2.678954e-10,3.204302e-10,1.383733e-05
107,80,0.200000,1.752575e-01,-3.271653e-10,1.894863e-10,1.408153e-05
108,80,0.200000,1.532257e-01,-3.646881e-10,5.072068e-11,1.426197e-05
109,80,0.200000,1.318813e-01,-4.119869e-10,-9.396925e-11,1.437891e-05
110,80,0.200000,1.112183e-01,-4.698184e-10,-2.429148e-10,1.443334e-05
111,80,0.200000,9.109217e-02,-5.727255e-10,-3.945612e-10,1.442818e-05
112,80,0.200000,7.127506e-02,-5.514886e-10,-5.460352e-10,1.435509e-05
113,80,0.200000,5.171123e-02,-5.446512e-10,-6.944944e-10,1.421593e-05
114,80,0.200000,3.406074e-02,-4.737460e-10,-8.360856e-10,1.400731e-05
115,80,0.200000,2.557289e-02,-3.888786e-10,-9.671111e-10,1.372931e-05
116,80,0.200000,3.690296e-02,-3.107773e-10,-1.084185e-09,1.338369e-05
117,80,0.200000,6.033441e-02,-3.562191e-10,-1.185487e-09,1.298070e-05
118,80,0.200000,8.912894e-02,-2.985703e-10,-1.266222e-09,1.250559e-05
119,80,0.200000,1.077700e-01,-2.692729e-10,-1.327561e-09,1.197896e-05
120,80,0.200000,1.330135e-01,-2.458990e-10,-1.367345e-09,1.139607e-05
121,80,0.200000,1.667219e-01,-2.260858e-10,-1.383479e-09,1.075207e-05
122,80,0.200000,1.667269e-01,-1.926044e-10,-1.378791e-09,1.006890e-05
123,80,0.200000,1.876358e-01,-1.710388e-10,-1.350333e-09,9.336233e-06
124,80,0.200000,2.337503e-01,-1.608366e-10,-1.295236e-09,8.544369e-06
125,80,0.200000,3.045481e-01,-1.537005e-10,-1.211545e-09,7.687564e-06
126,80,0.200000,4.033948e-01,-1.447259e-10,-1.098449e-09,6.763721e-06
127,80,0.200000,5.403195e-01,-1.294526e-10,-9.562302e-10,5.772938e-06
128,80,0.200000,7.370347e-01,-1.074757e-10,-7.864864e-10,4.718279e-06
129,80,0.200000,1.042433e+00,-8.063935e-11,-5.911355e-10,3.601793e-06
130,80,0.200000,1.577672e+00,-5.497165e-11,-3.728174e-10,2.427166e-06
131,80,0.200000,2.690523e+00,-3.013469e-11,-1.348036e-10,1.199807e-06
132,80,0.200000,4.509826e+00,-9.338505e-12,1.193655e-10,-7.460065e-08
133,80,0.200000,3.350072e+00,8.351255e-12,3.858455e-10,-1.390212e-06
134,80,0.200000,2.081354e+00,2.556163e-11,6.601211e-10,-2.740080e-06
135,80,0.200000,1.476577e+00,4.332022e-11,9.373030e-10,-4.118131e-06
136,80,0.200000,1.144541e+00,6.251719e-11,1.212021e-09,-5.518350e-06
137,80,0.200000,9.366765e-01,8.970328e-11,1.478659e-09,-6.934544e-06
138,80,0.200000,7.936596e-01,1.263665e-10,1.731650e-09,-8.360144e-06
139,80,0.200000,6.870909e-01,1.193602e-10,1.967006e-09,-9.794859e-06
140,80,0.200000,6.054724e-01,1.056677e-10,2.180117e-09,-1.123211e-05
141,80,0.200000,5.405785e-01,8.717608e-11,2.366727e-09,-1.266295e-05
142,80,0.200000,4.878840e-01,4.916459e-11,2.527528e-09,-1.410577e-05
143,80,0.200000,4.427281e-01,-3.358874e-11,2.657338e-09,-1.554306e-05
144,80,0.200000,4.032954e-01,-1.611341e-10,2.751086e-09,-1.695771e-05
145,80,0.200000,3.684890e-01,-3.304725e-10,2.804312e-09,-1.833627e-05
146,80,0.200000,3.375300e-01,-5.318119e-10,2.813446e-09,-1.966996e-05
147,80,0.200000,3.095785e-01,-7.343371e-10,2.775558e-09,-2.095049e-05
148,80,0.200000,2.841687e-01,-9.638001e-10,2.689024e-09,-2.217290e-05
149,80,0.200000,2.607541e-01,-1.185191e-09,2.553541e-09,-2.333105e-05
150,80,0.200000,2.389379e-01,-1.507811e-09,2.370887e-09,-2.442504e-05
151,80,0.200000,2.184613e-01,-1.719246e-09,2.143733e-09,-2.544521e-05
152,80,0.200000,1.989579e-01,-1.922813e-09,1.875930e-09,-2.638740e-05
153,80,0.200000,1.803602e-01,-2.075098e-09,1.571530e-09,-2.724750e-05
154,80,0.200000,1.623640e-01,-2.119100e-09,1.234435e-09,-2.801749e-05
155,80,0.200000,1.451330e-01,-2.212800e-09,8.681813e-10,-2.869936e-05
156,80,0.200000,1.283021e-01,-2.298516e-09,4.759563e-10,-2.929103e-05
157,80,0.200000,1.119564e-01,-2.412644e-09,6.088577e-11,-2.979243e-05
158,80,0.200000,9.571151e-02,-2.637272e-09,-3.731807e-10,-3.020204e-05
159,80,0.200000,8.784149e-02,-2.334158e-09,-8.223812e-10,-3.053250e-05
160,80,0.200000,7.667294e-02,-2.338625e-09,-1.281155e-09,-3.078581e-05
161,80,0.200000,6.242467e-02,-2.444004e-09,-1.740651e-09,-3.094151e-05
162,80,0.200000,7.186520e-02,-2.138835e-09,-2.202495e-09,-3.106691e-05
163,80,0.200000,6.899072e-02,-1.948170e-09,-2.656365e-09,-3.112605e-05
164,80,0.200000,5.467483e-02,-1.923466e-09,-3.091593e-09,-3.108348e-05
165,80,0.200000,3.312626e-02,-2.051358e-09,-3.499271e-09,-3.091563e-05
166,80,0.200000,1.223729e-02,-2.250930e-09,-3.872760e-09,-3.061107e-05
167,80,0.200000,2.718867e-02,-2.520682e-09,-4.207088e-09,-3.016709e-05
168,80,0.200000,5.674021e-02,-2.728422e-09,-4.496885e-09,-2.958062e-05
169,80,0.200000,8.853127e-02,-2.859280e-09,-4.736875e-09,-2.885162e-05
170,80,0.200000,1.221318e-01,-2.974771e-09,-4.922952e-09,-2.798692e-05
171,80,0.200000,1.575618e-01,-2.971453e-09,-5.050362e-09,-2.699033e-05
172,80,0.200000,1.958207e-01,-2.991402e-09,-5.116027e-09,-2.587045e-05
173,80,0.200000,2.381293e-01,-2.885423e-09,-5.116070e-09,-2.462846e-05
174,80,0.200000,2.856612e-01,-2.837049e-09,-5.051011e-09,-2.327677e-05
175,80,0.200000,3.398733e-01,-2.466412e-09,-4.916584e-09,-2.180463e-05
176,80,0.200000,4.039403e-01,-2.138885e-09,-4.716493e-09,-2.022632e-05
177,80,0.200000,4.821824e-01,-1.836751e-09,-4.454427e-09,-1.855298e-05
178,80,0.200000,5.814556e-01,-1.554646e-09,-4.133986e-09,-1.679364e-05
179,80,0.200000,6.702927e-01,-1.321771e-09,-3.768716e-09,-1.498958e-05
180,80,0.200000,8.001439e-01,-1.070726e-09,-3.356098e-09,-1.312663e-05
181,80,0.200000,1.009255e+00,-8.576642e-10,-2.896858e-09,-1.120033e-05
182,80,0.200000,1.143770e+00,-6.868550e-10,-2.407117e-09,-9.254417e-06
183,80,0.200000,1.437592e+00,-5.480415e-10,-1.885947e-09,-7.274102e-06
184,80,0.200000,2.112654e+00,-4.315302e-10,-1.333366e-09,-5.245440e-06
185,80,0.200000,3.764905e+00,-3.339739e-10,-7.520993e-10,-3.161615e-06
186,80,0.200000,4.820441e+00,-2.550915e-10,-1.472760e-10,-1.022831e-06
187,80,0.200000,2.791144e+00,-1.890145e-10,4.743291e-10,1.165305e-06
188,80,0.200000,1.800719e+00,-1.396637e-10,1.105451e-09,3.395250e-06
189,80,0.200000,1.324833e+00,-1.018672e-10,1.738257e-09,5.657708e-06
190,80,0.200000,1.051187e+00,-7.607780e-11,2.364489e-09,7.943034e-06
191,80,0.200000,8.731272e-01,-7.838467e-11,2.975410e-09,1.024182e-05
192,80,0.200000,7.470547e-01,-9.770575e-11,3.561500e-09,1.254374e-05
193,80,0.200000,6.522852e-01,-1.459069e-10,4.113118e-09,1.483897e-05
194,80,0.200000,5.780115e-01,-1.122747e-10,4.620266e-09,1.711541e-05
195,80,0.200000,5.177307e-01,-9.287269e-11,5.074354e-09,1.936311e-05
196,80,0.200000,4.675260e-01,-4.617895e-11,5.468664e-09,2.157448e-05
197,80,0.200000,4.248155e-01,-2.455859e-10,5.799330e-09,2.374857e-05
198,80,0.200000,3.877953e-01,-4.369342e-10,6.061256e-09,2.587419e-05
199,80,0.200000,3.579344e-01,-4.671450e-10,6.253623e-09,2.795910e-05
200,80,0.200000,3.309028e-01,-4.733242e-10,6.371379e-09,2.999048e-05
201,80,0.200000,3.058000e-01,-5.067177e-10,6.408857e-09,3.195252e-05
202,80,0.200000,2.935834e-01,-5.314230e-10,6.373366e-09,3.391755e-05
203,80,0.200000,2.770874e-01,-7.617774e-10,6.254119e-09,3.584619e-05
204,80,0.200000,2.568351e-01,-1.211016e-09,6.042188e-09,3.769659e-05
205,80,0.200000,2.351369e-01,-1.849739e-09,5.733368e-09,3.943820e-05
206,80,0.200000,2.135607e-01,-2.632365e-09,5.328393e-09,4.105448e-05
207,80,0.200000,1.926620e-01,-3.510233e-09,4.831346e-09,4.253194e-05
208,80,0.200000,1.728807e-01,-4.286009e-09,4.248873e-09,4.386028e-05
209,80,0.200000,1.543871e-01,-5.100584e-09,3.589200e-09,4.503756e-05
210,80,0.200000,1.370410e-01,-5.661951e-09,2.860719e-09,4.605622e-05
211,80,0.200000,1.209730e-01,-6.415743e-09,2.071258e-09,4.692615e-05
212,80,0.200000,1.057065e-01,-7.144169e-09,1.227937e-09,4.764756e-05
213,80,0.200000,9.127305e-02,-8.300644e-09,3.371010e-10,4.823025e-05
214,80,0.200000,7.716550e-02,-9.152984e-09,-5.929270e-10,4.866423e-05
215,80,0.200000,6.343959e-02,-9.670144e-09,-1.551578e-09,4.893904e-05
216,80,0.200000,4.981171e-02,-1.038727e-08,-2.527738e-09,4.906007e-05
217,80,0.200000,3.678896e-02,-1.088848e-08,-3.507550e-09,4.902476e-05
218,80,0.200000,2.490023e-02,-1.136785e-08,-4.476667e-09,4.883492e-05
219,80,0.200000,2.106013e-02,-1.089664e-08,-5.424622e-09,4.851196e-05
220,80,0.200000,1.805761e-02,-1.017617e-08,-6.336249e-09,4.804628e-05
221,80,0.200000,2.112704e-02,-9.585728e-09,-7.196574e-09,4.742522e-05
222,80,0.200000,1.983490e-02,-8.095213e-09,-8.027942e-09,4.677602e-05
223,80,0.200000,2.049595e-02,-6.952154e-09,-8.810748e-09,4.604723e-05
224,80,0.200000,2.088582e-02,-6.268271e-09,-9.522615e-09,4.518524e-05
225,80,0.200000,3.617669e-02,-5.976597e-09,-1.014372e-08,4.415516e-05
226,80,0.200000,6.290965e-02,-5.913409e-09,-1.065837e-08,4.294261e-05
227,80,0.200000,9.570802e-02,-6.009134e-09,-1.105251e-08,4.154169e-05
228,80,0.200000,1.326305e-01,-6.134189e-09,-1.131422e-08,3.995281e-05
229,80,0.200000,1.730891e-01,-6.226915e-09,-1.143509e-08,3.818243e-05
230,80,0.200000,2.177573e-01,-6.129987e-09,-1.140737e-08,3.623319e-05
231,80,0.200000,2.672052e-01,-5.990526e-09,-1.123032e-08,3.411870e-05
232,80,0.200000,3.234144e-01,-5.791460e-09,-1.090626e-08,3.185334e-05
